source	site	target	transfer
587C7090	587C70A4	5897CFE4	CALL
587C71A0	587C7296	58972750	CALL
587C71A0	587C72A2	58972610	CALL
587C71A0	587C72C6	587C7090	CALL
587C71A0	587C72D8	58971EC0	CALL
587C7300	587C73AE	587C71A0	CALL
58971EC0	58971EED	58971F10	CALL
58971F10	58971F54	58972270	CALL
58972270	589722BE	58972C70	CALL
58972270	589722CF	58973580	CALL
58972270	589722EF	589729A0	CALL
58972270	589722F8	589728F0	CALL
58972270	58972308	58972740	CALL
58972270	58972346	589729A0	CALL
58972270	5897234F	589728F0	CALL
58972270	58972369	58972CE0	CALL
58972270	58972381	58972C70	CALL
58972270	58972395	58973020	CALL
58972270	589723B0	58972D30	CALL
58972270	589723C0	58972740	CALL
58972270	589723F9	58972D30	CALL
58972550	58972558	589725D0	CALL
58972550	58972566	589725C0	CALL
58972550	5897256C	589725D0	CALL
58972690	5897269B	58972650	CALL
58972690	589726A8	58972650	CALL
58972690	589726B6	58972650	CALL
58972690	589726C5	58972620	CALL
58972690	589726D5	58972620	CALL
58972690	589726E4	58972650	CALL
58972690	589726F2	58972650	CALL
58972690	58972700	58972650	CALL
58972690	5897270E	58972650	CALL
58972690	5897271C	58972650	CALL
58972690	5897272A	58972650	CALL
58972750	58972758	589728F0	CALL
58972750	58972798	58972A10	CALL
58972A10	58972A16	589728F0	CALL
58972A10	58972AFE	58972C20	CALL
58972A10	58972B20	58973790	CALL
58972A10	58972B2D	58973780	CALL
58972A10	58972B50	589738E0	CALL
58972A10	58972B61	58973870	CALL
58972A10	58972B74	58972BC0	CALL
58972BC0	58972BDC	58973780	CALL
58972BC0	58972BFA	58973780	CALL
58972C20	58972C23	58973780	CALL
58972D30	58972D68	58973930	CALL
58972D30	58972D86	589729A0	CALL
58972D30	58972D8D	589728F0	CALL
58973020	5897304A	58971E50	CALL
58973020	58973073	58973810	CALL
58973020	589730D0	58975050	CALL
58973020	589730FC	5897D5D6	CALL
58973020	58973138	589752E0	CALL
58973020	58973163	58975210	CALL
58973020	589731CD	58972590	CALL
58973020	589731DA	58972580	CALL
58973020	589731E7	58973810	CALL
58973020	58973223	58975720	CALL
58973020	5897322F	58972550	CALL
58973020	58973243	58972550	CALL
58973020	58973257	58972550	CALL
58973020	58973268	589759A0	CALL
58973020	58973274	58972550	CALL
58973020	5897328D	58972550	CALL
58973020	58973297	589725F0	CALL
58973020	589732A9	58975700	CALL
58973020	589732B5	58972550	CALL
58973020	589732C5	58975CA0	CALL
58973020	58973312	58972550	CALL
58973020	58973360	58972550	CALL
58973020	589733AF	58972490	CALL
58973020	589733BD	589724A0	CALL
58973020	589733D1	58975450	CALL
58973020	58973404	58972BC0	CALL
58973020	5897341A	58972580	CALL
58973020	58973425	58972580	CALL
58973020	5897342F	589725A0	CALL
58973020	5897343B	58972BC0	CALL
58973020	5897346F	589725A0	CALL
58973020	58973481	589725A0	CALL
58973020	589734AA	589737B0	CALL
58973020	589734BA	589725A0	CALL
58973020	589734D1	589754D0	CALL
58973020	589734F7	58975340	CALL
58973020	58973503	589752E0	CALL
58973020	58973521	58974CF0	CALL
58973020	5897353C	58973980	CALL
58973020	58973552	58974C00	CALL
58973580	5897358C	58971E50	CALL
58973580	589735AA	58972C20	CALL
58973580	589735C7	58973780	CALL
58973580	589735DD	58972620	CALL
58973580	589735EE	58972650	CALL
58973580	589735FE	58972650	CALL
58973580	58973609	589725B0	CALL
58973580	58973618	58973860	CALL
58973580	5897366B	58972650	CALL
58973580	5897367B	58972690	CALL
58973580	589736A4	589738A0	CALL
58973580	589736C4	58972BC0	CALL
58973580	58973743	58972690	CALL
58973580	5897374E	58972C20	CALL
58973580	58973763	58972690	CALL
58973810	58973813	58973790	CALL
589738A0	589738B9	58972C40	CALL
58973980	58973ACD	58974AE0	CALL
58973980	58973B2A	58973E00	CALL
58973980	58973B72	58974BA0	CALL
58973E00	58973E7C	58973F70	CALL
58973E00	58973E99	58974000	CALL
58973E00	58973EC0	58974010	CALL
58973E00	58973EEA	58974010	CALL
58974000	58974005	58973FA0	CALL
58974010	58974064	58973F70	CALL
58974010	589740E2	58973F70	CALL
58974010	589740F1	58973F70	CALL
58974010	589740FE	58974000	CALL
58974010	58974128	58974000	CALL
58974010	589741C3	58974000	CALL
58974010	589741FA	58974010	CALL
58974010	58974235	58974970	CALL
58974010	5897428B	58974970	CALL
58974010	589742E6	58974970	CALL
58974010	589742FA	58974970	CALL
58974010	5897430E	58974970	CALL
58974010	58974325	58974970	CALL
58974010	58974360	58974970	CALL
58974010	58974379	58974970	CALL
58974010	5897438D	58974970	CALL
58974010	589743A1	58974970	CALL
58974010	589743E9	58974970	CALL
58974010	58974440	58974970	CALL
58974010	589744B9	58974970	CALL
58974010	589744F5	58974970	CALL
58974010	58974509	58974970	CALL
58974010	5897451A	58974970	CALL
58974010	5897452E	58974970	CALL
58974010	58974558	58974970	CALL
58974010	5897456C	58974970	CALL
58974010	58974585	58974970	CALL
58974010	5897465B	58974970	CALL
58974010	5897466F	58974970	CALL
58974010	58974694	58974970	CALL
58974010	589746B3	58974970	CALL
58974010	5897476F	58973F70	CALL
58974010	58974797	58974010	CALL
58974970	589749CB	58973F70	CALL
58974970	589749E8	58974000	CALL
58974970	58974A0E	58973FA0	CALL
58974970	58974A1D	58973FA0	CALL
58974970	58974A50	58973F70	CALL
58974970	58974A70	58973FA0	CALL
58974BA0	58974BAC	58973F60	CALL
58974BA0	58974BBC	58973F60	CALL
58974C00	58974C0A	58974E00	CALL
58975210	58975288	58975F50	CALL
589752E0	589752E5	58976BB0	CALL
58975340	58975438	58976B70	CALL
58975450	5897547F	589752F0	CALL
58975450	58975495	58977590	CALL
589755A0	589755F9	58976BD0	CALL
58975680	58975699	589755A0	CALL
58975680	589756A8	589755A0	CALL
58975700	58975705	589756C0	CALL
58975700	58975715	58975680	CALL
58975720	5897576D	58975700	CALL
58975720	58975773	58975820	CALL
58975720	58975810	58975920	CALL
58975820	58975834	58975880	CALL
58975820	58975848	58975880	CALL
58975820	5897585C	58975880	CALL
58975820	58975870	58975880	CALL
58975880	58975893	58976BF0	CALL
58975920	58975936	589759A0	CALL
58975920	58975942	589759A0	CALL
58975920	5897594E	589759A0	CALL
58975920	5897595A	589759A0	CALL
58975920	58975966	589759A0	CALL
58975CA0	58975D56	58975EE0	CALL
58975CA0	58975D66	58975E50	CALL
58975CA0	58975D76	58975E50	CALL
58975CA0	58975D89	58975E50	CALL
58975CA0	58975D99	58975E50	CALL
58975CA0	58975DA9	58975E50	CALL
58975CA0	58975DB7	58975EE0	CALL
58975CA0	58975DC7	58975E50	CALL
58975CA0	58975DD7	58975E50	CALL
58975CA0	58975DEA	58975E50	CALL
58975CA0	58975DFB	58975EE0	CALL
58975CA0	58975E0A	58975E90	CALL
58975CA0	58975E19	58975E90	CALL
58975CA0	58975E2B	58975E90	CALL
58975CA0	58975E36	58975EE0	CALL
58975CA0	58975E45	58975E90	CALL
58975EE0	58975F38	58975E90	CALL
58975F50	58975F5E	589776A0	CALL
58975F50	58975F6A	58977650	CALL
58975F50	58975F79	5897B780	CALL
58977590	58977598	5897B790	CALL
58977590	589775AB	5897B000	CALL
58977590	589775B1	5897A5F0	CALL
58977590	589775B9	5897A030	CALL
58977590	589775C2	58979A60	CALL
58977590	589775EF	58978E50	CALL
58977590	589775F6	589784F0	CALL
58977590	5897761E	58977840	CALL
58977590	58977626	589776B0	CALL
58977590	5897762C	58976CB0	CALL
58977840	58977892	58976C20	CALL
58977840	589778A3	58976C20	CALL
5897A030	5897A07D	5897A4C0	CALL
5897B790	5897B7C3	5897B850	CALL
5897B790	5897B7D6	5897BA20	CALL
5897B850	5897B99B	58976C10	CALL
5897B850	5897B9B5	58976C10	CALL
5897B850	5897B9CC	58976C10	CALL
5897B850	5897B9E3	58976C10	CALL
5897B850	5897BA0A	58976C10	CALL
