export	kind	function	site	type	target	target_function
58758EE0-FRESH	CALL	58753980	5875398E	UNCONDITIONAL_CALL	5897CC72	5897CC72
58758EE0-FRESH	CALL	58753980	5875399E	UNCONDITIONAL_CALL	5897CC72	5897CC72
58758EE0-FRESH	CALL	58753980	587539AE	UNCONDITIONAL_CALL	5897CC72	5897CC72
58758EE0-FRESH	CALL	58753980	587539BF	UNCONDITIONAL_CALL	5897CC72	5897CC72
58758EE0-FRESH	CALL	58753980	587539CB	UNCONDITIONAL_CALL	5897CC72	5897CC72
58758EE0-FRESH	CALL	58753980	587539DC	UNCONDITIONAL_CALL	5897CC72	5897CC72
58758EE0-FRESH	CALL	58753980	587539E8	UNCONDITIONAL_CALL	5897CC72	5897CC72
58758EE0-FRESH	CALL	58753980	587539FA	UNCONDITIONAL_CALL	5897CC72	5897CC72
58758EE0-FRESH	CALL	58753980	58753A06	UNCONDITIONAL_CALL	5897CC72	5897CC72
58758EE0-FRESH	CALL	58753980	58753A20	UNCONDITIONAL_CALL	5897CC72	5897CC72
58758EE0-FRESH	CALL	58753980	58753A2A	UNCONDITIONAL_CALL	5897CC72	5897CC72
58758EE0-FRESH	CALL	58753B20	58753B2E	UNCONDITIONAL_CALL	5897CC72	5897CC72
58758EE0-FRESH	CALL	58753B20	58753B3E	UNCONDITIONAL_CALL	5897CC72	5897CC72
58758EE0-FRESH	CALL	58753B20	58753B4E	UNCONDITIONAL_CALL	5897CC72	5897CC72
58758EE0-FRESH	CALL	58753B20	58753B5F	UNCONDITIONAL_CALL	5897CC72	5897CC72
58758EE0-FRESH	CALL	58753B20	58753B6B	UNCONDITIONAL_CALL	5897CC72	5897CC72
58758EE0-FRESH	CALL	58753B20	58753B7C	UNCONDITIONAL_CALL	5897CC72	5897CC72
58758EE0-FRESH	CALL	58753B20	58753B88	UNCONDITIONAL_CALL	5897CC72	5897CC72
58758EE0-FRESH	CALL	58753B20	58753B9A	UNCONDITIONAL_CALL	5897CC72	5897CC72
58758EE0-FRESH	CALL	58753B20	58753BA6	UNCONDITIONAL_CALL	5897CC72	5897CC72
58758EE0-FRESH	CALL	58753B20	58753BC3	UNCONDITIONAL_CALL	5897CC72	5897CC72
58758EE0-FRESH	CALL	58753B20	58753BCD	UNCONDITIONAL_CALL	5897CC72	5897CC72
58758EE0-FRESH	CALL	58754080	5875408B	UNCONDITIONAL_CALL	58753BF0	58753BF0
58758EE0-FRESH	CALL	587B92E0	587B92F6	UNCONDITIONAL_CALL	58970C70	58970C70
58758EE0-FRESH	CALL	587B9300	587B9315	UNCONDITIONAL_CALL	58970C70	58970C70
58758EE0-FRESH	CALL	587BA960	587BA977	UNCONDITIONAL_CALL	5897152E	5897152E
58758EE0-FRESH	CALL	587BA960	587BA996	UNCONDITIONAL_CALL	58731B60	58731B60
58758EE0-FRESH	CALL	587BA960	587BA9C0	UNCONDITIONAL_CALL	58970C70	58970C70
58758EE0-FRESH	CALL	587BA960	587BA9C6	UNCONDITIONAL_CALL	5897CE26	5897CE26
58758EE0-FRESH	CALL	588316E0	588318D2	UNCONDITIONAL_CALL	58902C10	58902C10
58758EE0-FRESH	CALL	588318F0	588318F3	UNCONDITIONAL_CALL	588316E0	588316E0
58758EE0-FRESH	CALL	588318F0	58831900	CALL_TERMINATOR	5897CC42	5897CC42
58758EE0-FRESH	DATA	588318F0	5899E164	DATA	588318F0	
58758EE0-FRESH	DATA	58831910	5899E16C	DATA	58831910	
58758EE0-FRESH	CALL	58831C30	588319F9	UNCONDITIONAL_CALL	58754080	58754080
58758EE0-FRESH	CALL	58831C30	58831A1C	UNCONDITIONAL_CALL	58753980	58753980
58758EE0-FRESH	CALL	58831C30	58831A25	UNCONDITIONAL_CALL	589088D0	589088D0
58758EE0-FRESH	CALL	58831C30	58831A40	UNCONDITIONAL_CALL	587538B0	587538B0
58758EE0-FRESH	CALL	58831C30	58831A49	UNCONDITIONAL_CALL	589088D0	589088D0
58758EE0-FRESH	CALL	58831C30	58831A69	UNCONDITIONAL_CALL	58754080	58754080
58758EE0-FRESH	CALL	58831C30	58831A88	UNCONDITIONAL_CALL	58753980	58753980
58758EE0-FRESH	CALL	58831C30	58831A94	UNCONDITIONAL_CALL	589088D0	589088D0
58758EE0-FRESH	CALL	58831C30	58831AAF	UNCONDITIONAL_CALL	587538B0	587538B0
58758EE0-FRESH	CALL	58831C30	58831ABB	UNCONDITIONAL_CALL	589088D0	589088D0
58758EE0-FRESH	CALL	58831C30	58831AC9	UNCONDITIONAL_CALL	587B9270	587B9270
58758EE0-FRESH	CALL	58831C30	58831C72	UNCONDITIONAL_CALL	589087F0	589087F0
58758EE0-FRESH	CALL	58831C30	58831C89	UNCONDITIONAL_CALL	589087F0	589087F0
58758EE0-FRESH	CALL	58831C30	58831C99	UNCONDITIONAL_CALL	5875F940	5875F940
58758EE0-FRESH	CALL	58831C30	58831CA4	UNCONDITIONAL_CALL	5875F940	5875F940
58758EE0-FRESH	DATA	58831C30	5899E168	DATA	58831C30	
58758EE0-FRESH	CALL	58831E20	58831E45	UNCONDITIONAL_CALL	58753B20	58753B20
58758EE0-FRESH	CALL	58831E20	58831E5C	UNCONDITIONAL_CALL	587538B0	587538B0
58758EE0-FRESH	CALL	58831E20	58831E68	UNCONDITIONAL_CALL	58731CE0	58731CE0
58758EE0-FRESH	CALL	58831E20	58831E74	UNCONDITIONAL_CALL	58770A80	58770A80
58758EE0-FRESH	CALL	58831E20	58831E85	UNCONDITIONAL_CALL	587538B0	587538B0
58758EE0-FRESH	CALL	58831E20	58831E8E	UNCONDITIONAL_CALL	58731CE0	58731CE0
58758EE0-FRESH	CALL	58831E20	58831E97	UNCONDITIONAL_CALL	58770A80	58770A80
58758EE0-FRESH	CALL	58831E20	58831EB9	UNCONDITIONAL_CALL	587B92E0	587B92E0
58758EE0-FRESH	CALL	588329D0	58832A3A	UNCONDITIONAL_CALL	587B9300	587B9300
58758EE0-FRESH	CALL	588329D0	58832A6B	UNCONDITIONAL_CALL	589081C0	589081C0
58758EE0-FRESH	CALL	588329D0	58832A78	UNCONDITIONAL_CALL	589081C0	589081C0
58758EE0-FRESH	CALL	588329D0	58832A81	UNCONDITIONAL_CALL	58908830	58908830
58758EE0-FRESH	CALL	588329D0	58832A93	UNCONDITIONAL_CALL	58907990	58907990
58758EE0-FRESH	CALL	588329D0	58832AD4	UNCONDITIONAL_CALL	58831E20	58831E20
58758EE0-FRESH	CALL	588329D0	58832B69	UNCONDITIONAL_CALL	589081C0	589081C0
58758EE0-FRESH	CALL	588329D0	58832B74	UNCONDITIONAL_CALL	589081C0	589081C0
58758EE0-FRESH	CALL	588329D0	58832B80	UNCONDITIONAL_CALL	58908830	58908830
58758EE0-FRESH	CALL	588329D0	58832B92	UNCONDITIONAL_CALL	58907990	58907990
58758EE0-FRESH	CALL	588329D0	58832BD5	UNCONDITIONAL_CALL	58831E20	58831E20
58758EE0-FRESH	CALL	588329D0	58832C82	UNCONDITIONAL_CALL	587B9300	587B9300
58758EE0-FRESH	CALL	588329D0	58832CCC	UNCONDITIONAL_CALL	587BA960	587BA960
58758EE0-FRESH	DATA	588329D0	5899E17C	DATA	588329D0	
58758EE0-FRESH	CALL	58832CF0	58832D70	UNCONDITIONAL_CALL	58731540	58731540
58758EE0-FRESH	CALL	58832CF0	58832D80	UNCONDITIONAL_CALL	589081C0	589081C0
58758EE0-FRESH	CALL	58832CF0	58832D8C	UNCONDITIONAL_CALL	589081C0	589081C0
58758EE0-FRESH	CALL	58832CF0	58832DB4	UNCONDITIONAL_CALL	58908830	58908830
58758EE0-FRESH	CALL	58832CF0	58832DC7	UNCONDITIONAL_CALL	5875F940	5875F940
58758EE0-FRESH	CALL	58832CF0	58832DD7	UNCONDITIONAL_CALL	58731CE0	58731CE0
58758EE0-FRESH	CALL	58832CF0	58832E29	UNCONDITIONAL_CALL	58731540	58731540
58758EE0-FRESH	CALL	58832CF0	58832E3C	UNCONDITIONAL_CALL	589081C0	589081C0
58758EE0-FRESH	CALL	58832CF0	58832E4B	UNCONDITIONAL_CALL	589081C0	589081C0
58758EE0-FRESH	CALL	58832CF0	58832E6A	UNCONDITIONAL_CALL	58908830	58908830
58758EE0-FRESH	CALL	58832CF0	58832E7A	UNCONDITIONAL_CALL	5875F940	5875F940
58758EE0-FRESH	CALL	58832CF0	58832E87	UNCONDITIONAL_CALL	58731CE0	58731CE0
58758EE0-FRESH	CALL	58832CF0	58832F3A	UNCONDITIONAL_CALL	589081C0	589081C0
58758EE0-FRESH	CALL	58832CF0	58832F54	UNCONDITIONAL_CALL	589081C0	589081C0
58758EE0-FRESH	CALL	58832CF0	58832F5D	UNCONDITIONAL_CALL	58908830	58908830
58758EE0-FRESH	CALL	58832CF0	58832F64	UNCONDITIONAL_CALL	589081C0	589081C0
58758EE0-FRESH	CALL	58832CF0	58832F6D	UNCONDITIONAL_CALL	58908170	58908170
58758EE0-FRESH	CALL	58832CF0	58832F78	UNCONDITIONAL_CALL	58908170	58908170
58758EE0-FRESH	CALL	58832CF0	58832F82	UNCONDITIONAL_CALL	589081C0	589081C0
58758EE0-FRESH	CALL	58832CF0	58832F8D	UNCONDITIONAL_CALL	589081C0	589081C0
58758EE0-FRESH	CALL	58832CF0	58832F95	UNCONDITIONAL_CALL	58908190	58908190
58758EE0-FRESH	CALL	58832CF0	58832FA2	UNCONDITIONAL_CALL	58908170	58908170
58758EE0-FRESH	CALL	58832CF0	58832FBA	UNCONDITIONAL_CALL	58908190	58908190
58758EE0-FRESH	CALL	58832CF0	58832FD6	UNCONDITIONAL_CALL	58907990	58907990
58758EE0-FRESH	CALL	58832CF0	58832FEE	UNCONDITIONAL_CALL	58759E90	58759E90
58758EE0-FRESH	CALL	58832CF0	58832FF6	UNCONDITIONAL_CALL	58759E90	58759E90
58758EE0-FRESH	CALL	58832CF0	58832FFE	UNCONDITIONAL_CALL	58831E20	58831E20
58758EE0-FRESH	CALL	58832CF0	5883300F	UNCONDITIONAL_CALL	58731620	58731620
58758EE0-FRESH	CALL	58832CF0	5883301B	UNCONDITIONAL_CALL	58731620	58731620
58758EE0-FRESH	CALL	58832CF0	58833027	UNCONDITIONAL_CALL	58731620	58731620
58758EE0-FRESH	CALL	58832CF0	58833033	UNCONDITIONAL_CALL	58731620	58731620
58758EE0-FRESH	CALL	58832CF0	58833080	UNCONDITIONAL_CALL	589081C0	589081C0
58758EE0-FRESH	CALL	58832CF0	5883309A	UNCONDITIONAL_CALL	589081C0	589081C0
58758EE0-FRESH	CALL	58832CF0	588330A3	UNCONDITIONAL_CALL	58908830	58908830
58758EE0-FRESH	CALL	58832CF0	588330AA	UNCONDITIONAL_CALL	589081C0	589081C0
58758EE0-FRESH	CALL	58832CF0	588330B3	UNCONDITIONAL_CALL	58908170	58908170
58758EE0-FRESH	CALL	58832CF0	588330BE	UNCONDITIONAL_CALL	58908170	58908170
58758EE0-FRESH	CALL	58832CF0	588330C8	UNCONDITIONAL_CALL	589081C0	589081C0
58758EE0-FRESH	CALL	58832CF0	588330D3	UNCONDITIONAL_CALL	589081C0	589081C0
58758EE0-FRESH	CALL	58832CF0	588330DB	UNCONDITIONAL_CALL	58908190	58908190
58758EE0-FRESH	CALL	58832CF0	588330E8	UNCONDITIONAL_CALL	58908170	58908170
58758EE0-FRESH	CALL	58832CF0	58833100	UNCONDITIONAL_CALL	58908190	58908190
58758EE0-FRESH	CALL	58832CF0	5883311B	UNCONDITIONAL_CALL	58907990	58907990
58758EE0-FRESH	CALL	58832CF0	58833136	UNCONDITIONAL_CALL	58759E90	58759E90
58758EE0-FRESH	CALL	58832CF0	5883313E	UNCONDITIONAL_CALL	58759E90	58759E90
58758EE0-FRESH	CALL	58832CF0	58833146	UNCONDITIONAL_CALL	58831E20	58831E20
58758EE0-FRESH	CALL	58832CF0	58833152	UNCONDITIONAL_CALL	58731620	58731620
58758EE0-FRESH	CALL	58832CF0	5883315E	UNCONDITIONAL_CALL	58731620	58731620
58758EE0-FRESH	CALL	58832CF0	5883316F	UNCONDITIONAL_CALL	58731620	58731620
58758EE0-FRESH	CALL	58832CF0	5883317B	UNCONDITIONAL_CALL	58731620	58731620
58758EE0-FRESH	CALL	58832CF0	588331D1	UNCONDITIONAL_CALL	589081C0	589081C0
58758EE0-FRESH	CALL	58832CF0	588331F2	UNCONDITIONAL_CALL	589081C0	589081C0
58758EE0-FRESH	CALL	58832CF0	588331FC	UNCONDITIONAL_CALL	58908830	58908830
58758EE0-FRESH	CALL	58832CF0	58833203	UNCONDITIONAL_CALL	589081C0	589081C0
58758EE0-FRESH	CALL	58832CF0	5883320C	UNCONDITIONAL_CALL	58908170	58908170
58758EE0-FRESH	CALL	58832CF0	58833217	UNCONDITIONAL_CALL	58908170	58908170
58758EE0-FRESH	CALL	58832CF0	58833221	UNCONDITIONAL_CALL	589081C0	589081C0
58758EE0-FRESH	CALL	58832CF0	5883322C	UNCONDITIONAL_CALL	589081C0	589081C0
58758EE0-FRESH	CALL	58832CF0	58833234	UNCONDITIONAL_CALL	58908190	58908190
58758EE0-FRESH	CALL	58832CF0	58833254	UNCONDITIONAL_CALL	58907990	58907990
58758EE0-FRESH	CALL	58832CF0	5883326C	UNCONDITIONAL_CALL	58759E90	58759E90
58758EE0-FRESH	CALL	58832CF0	58833274	UNCONDITIONAL_CALL	58759E90	58759E90
58758EE0-FRESH	CALL	58832CF0	5883327C	UNCONDITIONAL_CALL	58831E20	58831E20
58758EE0-FRESH	CALL	58832CF0	58833288	UNCONDITIONAL_CALL	58731620	58731620
58758EE0-FRESH	CALL	58832CF0	58833294	UNCONDITIONAL_CALL	58731620	58731620
58758EE0-FRESH	CALL	58832CF0	588332A0	UNCONDITIONAL_CALL	58731620	58731620
58758EE0-FRESH	CALL	58832CF0	588332AC	UNCONDITIONAL_CALL	58731620	58731620
58758EE0-FRESH	CALL	58832CF0	5883330B	UNCONDITIONAL_CALL	589081C0	589081C0
58758EE0-FRESH	CALL	58832CF0	58833329	UNCONDITIONAL_CALL	589081C0	589081C0
58758EE0-FRESH	CALL	58832CF0	58833333	UNCONDITIONAL_CALL	58908830	58908830
58758EE0-FRESH	CALL	58832CF0	5883333A	UNCONDITIONAL_CALL	589081C0	589081C0
58758EE0-FRESH	CALL	58832CF0	58833343	UNCONDITIONAL_CALL	58908170	58908170
58758EE0-FRESH	CALL	58832CF0	5883334E	UNCONDITIONAL_CALL	58908170	58908170
58758EE0-FRESH	CALL	58832CF0	58833358	UNCONDITIONAL_CALL	589081C0	589081C0
58758EE0-FRESH	CALL	58832CF0	58833363	UNCONDITIONAL_CALL	589081C0	589081C0
58758EE0-FRESH	CALL	58832CF0	5883336B	UNCONDITIONAL_CALL	58908190	58908190
58758EE0-FRESH	CALL	58832CF0	5883338B	UNCONDITIONAL_CALL	58907990	58907990
58758EE0-FRESH	CALL	58832CF0	588333A6	UNCONDITIONAL_CALL	58759E90	58759E90
58758EE0-FRESH	CALL	58832CF0	588333AE	UNCONDITIONAL_CALL	58759E90	58759E90
58758EE0-FRESH	CALL	58832CF0	588333B6	UNCONDITIONAL_CALL	58831E20	58831E20
58758EE0-FRESH	CALL	58832CF0	588333C2	UNCONDITIONAL_CALL	58731620	58731620
58758EE0-FRESH	CALL	58832CF0	588333CE	UNCONDITIONAL_CALL	58731620	58731620
58758EE0-FRESH	CALL	58832CF0	588333DA	UNCONDITIONAL_CALL	58731620	58731620
58758EE0-FRESH	CALL	58832CF0	588333E6	UNCONDITIONAL_CALL	58731620	58731620
58758EE0-FRESH	CALL	58832CF0	58833444	UNCONDITIONAL_CALL	58908830	58908830
58758EE0-FRESH	CALL	58832CF0	58833457	UNCONDITIONAL_CALL	5875F940	5875F940
58758EE0-FRESH	CALL	58832CF0	58833467	UNCONDITIONAL_CALL	58731CE0	58731CE0
58758EE0-FRESH	CALL	58832CF0	58833473	UNCONDITIONAL_CALL	58731620	58731620
58758EE0-FRESH	CALL	58832CF0	5883347F	UNCONDITIONAL_CALL	58731620	58731620
58758EE0-FRESH	CALL	58832CF0	5883349B	UNCONDITIONAL_CALL	587315C0	587315C0
58758EE0-FRESH	CALL	58832CF0	588334D4	UNCONDITIONAL_CALL	58908830	58908830
58758EE0-FRESH	CALL	58832CF0	588334E4	UNCONDITIONAL_CALL	5875F940	5875F940
58758EE0-FRESH	CALL	58832CF0	588334F1	UNCONDITIONAL_CALL	58731CE0	58731CE0
58758EE0-FRESH	CALL	58832CF0	588334FD	UNCONDITIONAL_CALL	58731620	58731620
58758EE0-FRESH	CALL	58832CF0	58833509	UNCONDITIONAL_CALL	58731620	58731620
58758EE0-FRESH	CALL	58832CF0	58833524	UNCONDITIONAL_CALL	587315C0	587315C0
58758EE0-FRESH	CALL	58832CF0	58833531	UNCONDITIONAL_CALL	587315C0	587315C0
58758EE0-FRESH	DATA	58832CF0	5899E174	DATA	58832CF0	
58758EE0-FRESH	DATA	588336F0	5899E170	DATA	588336F0	
58758EE0-FRESH	DATA	588336F0	5899E190	DATA	588336F0	
58758EE0-FRESH	DATA	588336F0	589A0A8C	DATA	588336F0	
58758EE0-FRESH	CALL	58843380	588441DE	UNCONDITIONAL_CALL	58831ED0	58831ED0
587CEF70-FRESH	CALL	58753980	5875398E	UNCONDITIONAL_CALL	5897CC72	5897CC72
587CEF70-FRESH	CALL	58753980	5875399E	UNCONDITIONAL_CALL	5897CC72	5897CC72
587CEF70-FRESH	CALL	58753980	587539AE	UNCONDITIONAL_CALL	5897CC72	5897CC72
587CEF70-FRESH	CALL	58753980	587539BF	UNCONDITIONAL_CALL	5897CC72	5897CC72
587CEF70-FRESH	CALL	58753980	587539CB	UNCONDITIONAL_CALL	5897CC72	5897CC72
587CEF70-FRESH	CALL	58753980	587539DC	UNCONDITIONAL_CALL	5897CC72	5897CC72
587CEF70-FRESH	CALL	58753980	587539E8	UNCONDITIONAL_CALL	5897CC72	5897CC72
587CEF70-FRESH	CALL	58753980	587539FA	UNCONDITIONAL_CALL	5897CC72	5897CC72
587CEF70-FRESH	CALL	58753980	58753A06	UNCONDITIONAL_CALL	5897CC72	5897CC72
587CEF70-FRESH	CALL	58753980	58753A20	UNCONDITIONAL_CALL	5897CC72	5897CC72
587CEF70-FRESH	CALL	58753980	58753A2A	UNCONDITIONAL_CALL	5897CC72	5897CC72
587CEF70-FRESH	CALL	58753B20	58753B2E	UNCONDITIONAL_CALL	5897CC72	5897CC72
587CEF70-FRESH	CALL	58753B20	58753B3E	UNCONDITIONAL_CALL	5897CC72	5897CC72
587CEF70-FRESH	CALL	58753B20	58753B4E	UNCONDITIONAL_CALL	5897CC72	5897CC72
587CEF70-FRESH	CALL	58753B20	58753B5F	UNCONDITIONAL_CALL	5897CC72	5897CC72
587CEF70-FRESH	CALL	58753B20	58753B6B	UNCONDITIONAL_CALL	5897CC72	5897CC72
587CEF70-FRESH	CALL	58753B20	58753B7C	UNCONDITIONAL_CALL	5897CC72	5897CC72
587CEF70-FRESH	CALL	58753B20	58753B88	UNCONDITIONAL_CALL	5897CC72	5897CC72
587CEF70-FRESH	CALL	58753B20	58753B9A	UNCONDITIONAL_CALL	5897CC72	5897CC72
587CEF70-FRESH	CALL	58753B20	58753BA6	UNCONDITIONAL_CALL	5897CC72	5897CC72
587CEF70-FRESH	CALL	58753B20	58753BC3	UNCONDITIONAL_CALL	5897CC72	5897CC72
587CEF70-FRESH	CALL	58753B20	58753BCD	UNCONDITIONAL_CALL	5897CC72	5897CC72
587CEF70-FRESH	CALL	58754080	5875408B	UNCONDITIONAL_CALL	58753BF0	58753BF0
587CEF70-FRESH	CALL	587B92E0	587B92F6	UNCONDITIONAL_CALL	58970C70	58970C70
587CEF70-FRESH	CALL	587B9300	587B9315	UNCONDITIONAL_CALL	58970C70	58970C70
587CEF70-FRESH	CALL	587BA960	587BA977	UNCONDITIONAL_CALL	5897152E	5897152E
587CEF70-FRESH	CALL	587BA960	587BA996	UNCONDITIONAL_CALL	58731B60	58731B60
587CEF70-FRESH	CALL	587BA960	587BA9C0	UNCONDITIONAL_CALL	58970C70	58970C70
587CEF70-FRESH	CALL	587BA960	587BA9C6	UNCONDITIONAL_CALL	5897CE26	5897CE26
587CEF70-FRESH	CALL	588316E0	588318D2	UNCONDITIONAL_CALL	58902C10	58902C10
587CEF70-FRESH	CALL	588318F0	588318F3	UNCONDITIONAL_CALL	588316E0	588316E0
587CEF70-FRESH	CALL	588318F0	58831900	CALL_TERMINATOR	5897CC42	5897CC42
587CEF70-FRESH	DATA	588318F0	5899E164	DATA	588318F0	
587CEF70-FRESH	DATA	58831910	5899E16C	DATA	58831910	
587CEF70-FRESH	CALL	58831C30	588319F9	UNCONDITIONAL_CALL	58754080	58754080
587CEF70-FRESH	CALL	58831C30	58831A1C	UNCONDITIONAL_CALL	58753980	58753980
587CEF70-FRESH	CALL	58831C30	58831A25	UNCONDITIONAL_CALL	589088D0	589088D0
587CEF70-FRESH	CALL	58831C30	58831A40	UNCONDITIONAL_CALL	587538B0	587538B0
587CEF70-FRESH	CALL	58831C30	58831A49	UNCONDITIONAL_CALL	589088D0	589088D0
587CEF70-FRESH	CALL	58831C30	58831A69	UNCONDITIONAL_CALL	58754080	58754080
587CEF70-FRESH	CALL	58831C30	58831A88	UNCONDITIONAL_CALL	58753980	58753980
587CEF70-FRESH	CALL	58831C30	58831A94	UNCONDITIONAL_CALL	589088D0	589088D0
587CEF70-FRESH	CALL	58831C30	58831AAF	UNCONDITIONAL_CALL	587538B0	587538B0
587CEF70-FRESH	CALL	58831C30	58831ABB	UNCONDITIONAL_CALL	589088D0	589088D0
587CEF70-FRESH	CALL	58831C30	58831AC9	UNCONDITIONAL_CALL	587B9270	587B9270
587CEF70-FRESH	CALL	58831C30	58831C72	UNCONDITIONAL_CALL	589087F0	589087F0
587CEF70-FRESH	CALL	58831C30	58831C89	UNCONDITIONAL_CALL	589087F0	589087F0
587CEF70-FRESH	CALL	58831C30	58831C99	UNCONDITIONAL_CALL	5875F940	5875F940
587CEF70-FRESH	CALL	58831C30	58831CA4	UNCONDITIONAL_CALL	5875F940	5875F940
587CEF70-FRESH	DATA	58831C30	5899E168	DATA	58831C30	
587CEF70-FRESH	CALL	58831E20	58831E45	UNCONDITIONAL_CALL	58753B20	58753B20
587CEF70-FRESH	CALL	58831E20	58831E5C	UNCONDITIONAL_CALL	587538B0	587538B0
587CEF70-FRESH	CALL	58831E20	58831E68	UNCONDITIONAL_CALL	58731CE0	58731CE0
587CEF70-FRESH	CALL	58831E20	58831E74	UNCONDITIONAL_CALL	58770A80	58770A80
587CEF70-FRESH	CALL	58831E20	58831E85	UNCONDITIONAL_CALL	587538B0	587538B0
587CEF70-FRESH	CALL	58831E20	58831E8E	UNCONDITIONAL_CALL	58731CE0	58731CE0
587CEF70-FRESH	CALL	58831E20	58831E97	UNCONDITIONAL_CALL	58770A80	58770A80
587CEF70-FRESH	CALL	58831E20	58831EB9	UNCONDITIONAL_CALL	587B92E0	587B92E0
587CEF70-FRESH	CALL	588329D0	58832A3A	UNCONDITIONAL_CALL	587B9300	587B9300
587CEF70-FRESH	CALL	588329D0	58832A6B	UNCONDITIONAL_CALL	589081C0	589081C0
587CEF70-FRESH	CALL	588329D0	58832A78	UNCONDITIONAL_CALL	589081C0	589081C0
587CEF70-FRESH	CALL	588329D0	58832A81	UNCONDITIONAL_CALL	58908830	58908830
587CEF70-FRESH	CALL	588329D0	58832A93	UNCONDITIONAL_CALL	58907990	58907990
587CEF70-FRESH	CALL	588329D0	58832AD4	UNCONDITIONAL_CALL	58831E20	58831E20
587CEF70-FRESH	CALL	588329D0	58832B69	UNCONDITIONAL_CALL	589081C0	589081C0
587CEF70-FRESH	CALL	588329D0	58832B74	UNCONDITIONAL_CALL	589081C0	589081C0
587CEF70-FRESH	CALL	588329D0	58832B80	UNCONDITIONAL_CALL	58908830	58908830
587CEF70-FRESH	CALL	588329D0	58832B92	UNCONDITIONAL_CALL	58907990	58907990
587CEF70-FRESH	CALL	588329D0	58832BD5	UNCONDITIONAL_CALL	58831E20	58831E20
587CEF70-FRESH	CALL	588329D0	58832C82	UNCONDITIONAL_CALL	587B9300	587B9300
587CEF70-FRESH	CALL	588329D0	58832CCC	UNCONDITIONAL_CALL	587BA960	587BA960
587CEF70-FRESH	DATA	588329D0	5899E17C	DATA	588329D0	
587CEF70-FRESH	CALL	58832CF0	58832D70	UNCONDITIONAL_CALL	58731540	58731540
587CEF70-FRESH	CALL	58832CF0	58832D80	UNCONDITIONAL_CALL	589081C0	589081C0
587CEF70-FRESH	CALL	58832CF0	58832D8C	UNCONDITIONAL_CALL	589081C0	589081C0
587CEF70-FRESH	CALL	58832CF0	58832DB4	UNCONDITIONAL_CALL	58908830	58908830
587CEF70-FRESH	CALL	58832CF0	58832DC7	UNCONDITIONAL_CALL	5875F940	5875F940
587CEF70-FRESH	CALL	58832CF0	58832DD7	UNCONDITIONAL_CALL	58731CE0	58731CE0
587CEF70-FRESH	CALL	58832CF0	58832E29	UNCONDITIONAL_CALL	58731540	58731540
587CEF70-FRESH	CALL	58832CF0	58832E3C	UNCONDITIONAL_CALL	589081C0	589081C0
587CEF70-FRESH	CALL	58832CF0	58832E4B	UNCONDITIONAL_CALL	589081C0	589081C0
587CEF70-FRESH	CALL	58832CF0	58832E6A	UNCONDITIONAL_CALL	58908830	58908830
587CEF70-FRESH	CALL	58832CF0	58832E7A	UNCONDITIONAL_CALL	5875F940	5875F940
587CEF70-FRESH	CALL	58832CF0	58832E87	UNCONDITIONAL_CALL	58731CE0	58731CE0
587CEF70-FRESH	CALL	58832CF0	58832F3A	UNCONDITIONAL_CALL	589081C0	589081C0
587CEF70-FRESH	CALL	58832CF0	58832F54	UNCONDITIONAL_CALL	589081C0	589081C0
587CEF70-FRESH	CALL	58832CF0	58832F5D	UNCONDITIONAL_CALL	58908830	58908830
587CEF70-FRESH	CALL	58832CF0	58832F64	UNCONDITIONAL_CALL	589081C0	589081C0
587CEF70-FRESH	CALL	58832CF0	58832F6D	UNCONDITIONAL_CALL	58908170	58908170
587CEF70-FRESH	CALL	58832CF0	58832F78	UNCONDITIONAL_CALL	58908170	58908170
587CEF70-FRESH	CALL	58832CF0	58832F82	UNCONDITIONAL_CALL	589081C0	589081C0
587CEF70-FRESH	CALL	58832CF0	58832F8D	UNCONDITIONAL_CALL	589081C0	589081C0
587CEF70-FRESH	CALL	58832CF0	58832F95	UNCONDITIONAL_CALL	58908190	58908190
587CEF70-FRESH	CALL	58832CF0	58832FA2	UNCONDITIONAL_CALL	58908170	58908170
587CEF70-FRESH	CALL	58832CF0	58832FBA	UNCONDITIONAL_CALL	58908190	58908190
587CEF70-FRESH	CALL	58832CF0	58832FD6	UNCONDITIONAL_CALL	58907990	58907990
587CEF70-FRESH	CALL	58832CF0	58832FEE	UNCONDITIONAL_CALL	58759E90	58759E90
587CEF70-FRESH	CALL	58832CF0	58832FF6	UNCONDITIONAL_CALL	58759E90	58759E90
587CEF70-FRESH	CALL	58832CF0	58832FFE	UNCONDITIONAL_CALL	58831E20	58831E20
587CEF70-FRESH	CALL	58832CF0	5883300F	UNCONDITIONAL_CALL	58731620	58731620
587CEF70-FRESH	CALL	58832CF0	5883301B	UNCONDITIONAL_CALL	58731620	58731620
587CEF70-FRESH	CALL	58832CF0	58833027	UNCONDITIONAL_CALL	58731620	58731620
587CEF70-FRESH	CALL	58832CF0	58833033	UNCONDITIONAL_CALL	58731620	58731620
587CEF70-FRESH	CALL	58832CF0	58833080	UNCONDITIONAL_CALL	589081C0	589081C0
587CEF70-FRESH	CALL	58832CF0	5883309A	UNCONDITIONAL_CALL	589081C0	589081C0
587CEF70-FRESH	CALL	58832CF0	588330A3	UNCONDITIONAL_CALL	58908830	58908830
587CEF70-FRESH	CALL	58832CF0	588330AA	UNCONDITIONAL_CALL	589081C0	589081C0
587CEF70-FRESH	CALL	58832CF0	588330B3	UNCONDITIONAL_CALL	58908170	58908170
587CEF70-FRESH	CALL	58832CF0	588330BE	UNCONDITIONAL_CALL	58908170	58908170
587CEF70-FRESH	CALL	58832CF0	588330C8	UNCONDITIONAL_CALL	589081C0	589081C0
587CEF70-FRESH	CALL	58832CF0	588330D3	UNCONDITIONAL_CALL	589081C0	589081C0
587CEF70-FRESH	CALL	58832CF0	588330DB	UNCONDITIONAL_CALL	58908190	58908190
587CEF70-FRESH	CALL	58832CF0	588330E8	UNCONDITIONAL_CALL	58908170	58908170
587CEF70-FRESH	CALL	58832CF0	58833100	UNCONDITIONAL_CALL	58908190	58908190
587CEF70-FRESH	CALL	58832CF0	5883311B	UNCONDITIONAL_CALL	58907990	58907990
587CEF70-FRESH	CALL	58832CF0	58833136	UNCONDITIONAL_CALL	58759E90	58759E90
587CEF70-FRESH	CALL	58832CF0	5883313E	UNCONDITIONAL_CALL	58759E90	58759E90
587CEF70-FRESH	CALL	58832CF0	58833146	UNCONDITIONAL_CALL	58831E20	58831E20
587CEF70-FRESH	CALL	58832CF0	58833152	UNCONDITIONAL_CALL	58731620	58731620
587CEF70-FRESH	CALL	58832CF0	5883315E	UNCONDITIONAL_CALL	58731620	58731620
587CEF70-FRESH	CALL	58832CF0	5883316F	UNCONDITIONAL_CALL	58731620	58731620
587CEF70-FRESH	CALL	58832CF0	5883317B	UNCONDITIONAL_CALL	58731620	58731620
587CEF70-FRESH	CALL	58832CF0	588331D1	UNCONDITIONAL_CALL	589081C0	589081C0
587CEF70-FRESH	CALL	58832CF0	588331F2	UNCONDITIONAL_CALL	589081C0	589081C0
587CEF70-FRESH	CALL	58832CF0	588331FC	UNCONDITIONAL_CALL	58908830	58908830
587CEF70-FRESH	CALL	58832CF0	58833203	UNCONDITIONAL_CALL	589081C0	589081C0
587CEF70-FRESH	CALL	58832CF0	5883320C	UNCONDITIONAL_CALL	58908170	58908170
587CEF70-FRESH	CALL	58832CF0	58833217	UNCONDITIONAL_CALL	58908170	58908170
587CEF70-FRESH	CALL	58832CF0	58833221	UNCONDITIONAL_CALL	589081C0	589081C0
587CEF70-FRESH	CALL	58832CF0	5883322C	UNCONDITIONAL_CALL	589081C0	589081C0
587CEF70-FRESH	CALL	58832CF0	58833234	UNCONDITIONAL_CALL	58908190	58908190
587CEF70-FRESH	CALL	58832CF0	58833254	UNCONDITIONAL_CALL	58907990	58907990
587CEF70-FRESH	CALL	58832CF0	5883326C	UNCONDITIONAL_CALL	58759E90	58759E90
587CEF70-FRESH	CALL	58832CF0	58833274	UNCONDITIONAL_CALL	58759E90	58759E90
587CEF70-FRESH	CALL	58832CF0	5883327C	UNCONDITIONAL_CALL	58831E20	58831E20
587CEF70-FRESH	CALL	58832CF0	58833288	UNCONDITIONAL_CALL	58731620	58731620
587CEF70-FRESH	CALL	58832CF0	58833294	UNCONDITIONAL_CALL	58731620	58731620
587CEF70-FRESH	CALL	58832CF0	588332A0	UNCONDITIONAL_CALL	58731620	58731620
587CEF70-FRESH	CALL	58832CF0	588332AC	UNCONDITIONAL_CALL	58731620	58731620
587CEF70-FRESH	CALL	58832CF0	5883330B	UNCONDITIONAL_CALL	589081C0	589081C0
587CEF70-FRESH	CALL	58832CF0	58833329	UNCONDITIONAL_CALL	589081C0	589081C0
587CEF70-FRESH	CALL	58832CF0	58833333	UNCONDITIONAL_CALL	58908830	58908830
587CEF70-FRESH	CALL	58832CF0	5883333A	UNCONDITIONAL_CALL	589081C0	589081C0
587CEF70-FRESH	CALL	58832CF0	58833343	UNCONDITIONAL_CALL	58908170	58908170
587CEF70-FRESH	CALL	58832CF0	5883334E	UNCONDITIONAL_CALL	58908170	58908170
587CEF70-FRESH	CALL	58832CF0	58833358	UNCONDITIONAL_CALL	589081C0	589081C0
587CEF70-FRESH	CALL	58832CF0	58833363	UNCONDITIONAL_CALL	589081C0	589081C0
587CEF70-FRESH	CALL	58832CF0	5883336B	UNCONDITIONAL_CALL	58908190	58908190
587CEF70-FRESH	CALL	58832CF0	5883338B	UNCONDITIONAL_CALL	58907990	58907990
587CEF70-FRESH	CALL	58832CF0	588333A6	UNCONDITIONAL_CALL	58759E90	58759E90
587CEF70-FRESH	CALL	58832CF0	588333AE	UNCONDITIONAL_CALL	58759E90	58759E90
587CEF70-FRESH	CALL	58832CF0	588333B6	UNCONDITIONAL_CALL	58831E20	58831E20
587CEF70-FRESH	CALL	58832CF0	588333C2	UNCONDITIONAL_CALL	58731620	58731620
587CEF70-FRESH	CALL	58832CF0	588333CE	UNCONDITIONAL_CALL	58731620	58731620
587CEF70-FRESH	CALL	58832CF0	588333DA	UNCONDITIONAL_CALL	58731620	58731620
587CEF70-FRESH	CALL	58832CF0	588333E6	UNCONDITIONAL_CALL	58731620	58731620
587CEF70-FRESH	CALL	58832CF0	58833444	UNCONDITIONAL_CALL	58908830	58908830
587CEF70-FRESH	CALL	58832CF0	58833457	UNCONDITIONAL_CALL	5875F940	5875F940
587CEF70-FRESH	CALL	58832CF0	58833467	UNCONDITIONAL_CALL	58731CE0	58731CE0
587CEF70-FRESH	CALL	58832CF0	58833473	UNCONDITIONAL_CALL	58731620	58731620
587CEF70-FRESH	CALL	58832CF0	5883347F	UNCONDITIONAL_CALL	58731620	58731620
587CEF70-FRESH	CALL	58832CF0	5883349B	UNCONDITIONAL_CALL	587315C0	587315C0
587CEF70-FRESH	CALL	58832CF0	588334D4	UNCONDITIONAL_CALL	58908830	58908830
587CEF70-FRESH	CALL	58832CF0	588334E4	UNCONDITIONAL_CALL	5875F940	5875F940
587CEF70-FRESH	CALL	58832CF0	588334F1	UNCONDITIONAL_CALL	58731CE0	58731CE0
587CEF70-FRESH	CALL	58832CF0	588334FD	UNCONDITIONAL_CALL	58731620	58731620
587CEF70-FRESH	CALL	58832CF0	58833509	UNCONDITIONAL_CALL	58731620	58731620
587CEF70-FRESH	CALL	58832CF0	58833524	UNCONDITIONAL_CALL	587315C0	587315C0
587CEF70-FRESH	CALL	58832CF0	58833531	UNCONDITIONAL_CALL	587315C0	587315C0
587CEF70-FRESH	DATA	58832CF0	5899E174	DATA	58832CF0	
587CEF70-FRESH	DATA	588336F0	5899E170	DATA	588336F0	
587CEF70-FRESH	DATA	588336F0	5899E190	DATA	588336F0	
587CEF70-FRESH	DATA	588336F0	589A0A8C	DATA	588336F0	
587CEF70-FRESH	CALL	58843380	588441DE	UNCONDITIONAL_CALL	58831ED0	58831ED0
