kind	function	site	type	target	target_function
CALL	5882f270	5882f2b4	UNCONDITIONAL_CALL	58785f90	58785f90
CALL	5882f350	5882f394	UNCONDITIONAL_CALL	58785fc0	58785fc0
CALL	5882fc60	5882fc7c	UNCONDITIONAL_CALL	58786480	58786480
CALL	5882fc60	5882fce7	UNCONDITIONAL_CALL	58786630	58786630
CALL	5882fc60	5882fcf4	UNCONDITIONAL_CALL	58755ff0	58755ff0
CALL	5882fc60	5882fd2e	UNCONDITIONAL_CALL	58785fd0	58785fd0
CALL	5882fc60	5882fd36	UNCONDITIONAL_CALL	58786150	58786150
CALL	5882fc60	5882fd3e	UNCONDITIONAL_CALL	58786340	58786340
CALL	5882fc60	5882fd46	UNCONDITIONAL_CALL	587863c0	587863c0
CALL	5882fc60	5882fd60	UNCONDITIONAL_CALL	58731ce0	58731ce0
CALL	5882fc60	5882fd68	UNCONDITIONAL_CALL	58786320	58786320
CALL	5882fc60	5882fd71	UNCONDITIONAL_CALL	58731ce0	58731ce0
CALL	5882fc60	5882fd79	UNCONDITIONAL_CALL	58786330	58786330
CALL	5882fc60	5882fd85	UNCONDITIONAL_CALL	58731ce0	58731ce0
CALL	5882fc60	5882fd8d	UNCONDITIONAL_CALL	58785ea0	58785ea0
CALL	5882fc60	5882fd99	UNCONDITIONAL_CALL	58907360	58907360
CALL	5882fc60	5882fda1	UNCONDITIONAL_CALL	58785ea0	58785ea0
CALL	5882fc60	5882fdbd	UNCONDITIONAL_CALL	5897cc48	5897cc48
CALL	5882fc60	5882fdc8	UNCONDITIONAL_CALL	58785ea0	58785ea0
CALL	5882fc60	5882fde0	UNCONDITIONAL_CALL	58785ea0	58785ea0
CALL	5882fc60	5882fded	UNCONDITIONAL_CALL	58785ea0	58785ea0
CALL	5882fc60	5882fdfd	UNCONDITIONAL_CALL	58785ea0	58785ea0
CALL	5882fc60	5882fe24	UNCONDITIONAL_CALL	58731ce0	58731ce0
CALL	5882fc60	5882fe2c	UNCONDITIONAL_CALL	58785ed0	58785ed0
CALL	5882fc60	5882fe38	UNCONDITIONAL_CALL	58907360	58907360
CALL	5882fc60	5882fe40	UNCONDITIONAL_CALL	58785f30	58785f30
CALL	5882fc60	5882fe4c	UNCONDITIONAL_CALL	58907360	58907360
CALL	5882fc60	5882fe59	UNCONDITIONAL_CALL	5890bc40	5890bc40
CALL	5882fc60	5882fe66	UNCONDITIONAL_CALL	58907360	58907360
CALL	5882fc60	5882fe6e	UNCONDITIONAL_CALL	58785f00	58785f00
CALL	5882fc60	5882fe7a	UNCONDITIONAL_CALL	58907360	58907360
CALL	5882fc60	5882fe82	UNCONDITIONAL_CALL	58785f60	58785f60
CALL	5882fc60	5882fe8e	UNCONDITIONAL_CALL	58907360	58907360
CALL	5882fc60	5882fe9b	UNCONDITIONAL_CALL	5890bc40	5890bc40
CALL	5882fc60	5882fea8	UNCONDITIONAL_CALL	58907360	58907360
CALL	5882fc60	5882feb5	UNCONDITIONAL_CALL	58785f90	58785f90
CALL	5882fc60	5882fee1	UNCONDITIONAL_CALL	58731ce0	58731ce0
CALL	5882fc60	5882feee	UNCONDITIONAL_CALL	58785fc0	58785fc0
CALL	5882fc60	5882ff1a	UNCONDITIONAL_CALL	58731ce0	58731ce0
CALL	5882fc60	5882ff22	UNCONDITIONAL_CALL	58786200	58786200
CALL	5882fc60	5882ff31	UNCONDITIONAL_CALL	58907360	58907360
CALL	5882fc60	5882ff39	UNCONDITIONAL_CALL	58786210	58786210
CALL	5882fc60	5882ff48	UNCONDITIONAL_CALL	58907360	58907360
CALL	5882fc60	5882ff50	UNCONDITIONAL_CALL	58786220	58786220
CALL	5882fc60	5882ff5f	UNCONDITIONAL_CALL	58907360	58907360
CALL	5882fc60	5882ff67	UNCONDITIONAL_CALL	58786230	58786230
CALL	5882fc60	5882ff76	UNCONDITIONAL_CALL	58907360	58907360
CALL	5882fc60	5882ff7e	UNCONDITIONAL_CALL	58786240	58786240
CALL	5882fc60	5882ff8d	UNCONDITIONAL_CALL	58907360	58907360
CALL	5882fc60	5882ff95	UNCONDITIONAL_CALL	58786250	58786250
CALL	5882fc60	5882ffa4	UNCONDITIONAL_CALL	58907360	58907360
CALL	5882fc60	5882ffac	UNCONDITIONAL_CALL	587863b0	587863b0
CALL	5882fc60	5882ffbb	UNCONDITIONAL_CALL	58907360	58907360
CALL	5882fc60	5882ffc3	UNCONDITIONAL_CALL	58786430	58786430
CALL	5882fc60	5882ffd2	UNCONDITIONAL_CALL	58907360	58907360
CALL	5882fc60	5882ffda	UNCONDITIONAL_CALL	58786460	58786460
CALL	5882fc60	5882ffe6	UNCONDITIONAL_CALL	58907360	58907360
CALL	5882fc60	5882fff7	UNCONDITIONAL_CALL	5897cbda	5897cbda
CALL	58830010	58830047	UNCONDITIONAL_CALL	58785f90	58785f90
CALL	58830010	588300b0	UNCONDITIONAL_CALL	58785ed0	58785ed0
CALL	58830010	588300d1	UNCONDITIONAL_CALL	58785f30	58785f30
CALL	58830010	588300f0	UNCONDITIONAL_CALL	58785f30	58785f30
CALL	58830010	58830109	UNCONDITIONAL_CALL	58785f90	58785f90
CALL	58830010	5883014a	UNCONDITIONAL_CALL	58785f90	58785f90
CALL	58830010	588301b3	UNCONDITIONAL_CALL	58785ed0	58785ed0
CALL	58830010	588301d4	UNCONDITIONAL_CALL	58785f30	58785f30
CALL	58830280	588302b7	UNCONDITIONAL_CALL	58785fc0	58785fc0
CALL	58830280	58830320	UNCONDITIONAL_CALL	58785f00	58785f00
CALL	58830280	58830341	UNCONDITIONAL_CALL	58785f60	58785f60
CALL	58830280	58830360	UNCONDITIONAL_CALL	58785f60	58785f60
CALL	58830280	58830379	UNCONDITIONAL_CALL	58785fc0	58785fc0
CALL	58830280	588303ba	UNCONDITIONAL_CALL	58785fc0	58785fc0
CALL	58830280	58830423	UNCONDITIONAL_CALL	58785f00	58785f00
CALL	58830280	58830444	UNCONDITIONAL_CALL	58785f60	58785f60
CALL	588c4210	588c4db0	UNCONDITIONAL_CALL	5882fc60	5882fc60
CALL	588c4210	588c4ec4	UNCONDITIONAL_CALL	5882fc60	5882fc60
