export	kind	function	site	type	target_function	target
58758EE0-FRESH	CALL	58753A50	58753A5E	UNCONDITIONAL_CALL	5897CC72	5897CC72
58758EE0-FRESH	CALL	58753A50	58753A6E	UNCONDITIONAL_CALL	5897CC72	5897CC72
58758EE0-FRESH	CALL	58753A50	58753A7E	UNCONDITIONAL_CALL	5897CC72	5897CC72
58758EE0-FRESH	CALL	58753A50	58753A8F	UNCONDITIONAL_CALL	5897CC72	5897CC72
58758EE0-FRESH	CALL	58753A50	58753A9B	UNCONDITIONAL_CALL	5897CC72	5897CC72
58758EE0-FRESH	CALL	58753A50	58753AAC	UNCONDITIONAL_CALL	5897CC72	5897CC72
58758EE0-FRESH	CALL	58753A50	58753AB8	UNCONDITIONAL_CALL	5897CC72	5897CC72
58758EE0-FRESH	CALL	58753A50	58753ACA	UNCONDITIONAL_CALL	5897CC72	5897CC72
58758EE0-FRESH	CALL	58753A50	58753AD6	UNCONDITIONAL_CALL	5897CC72	5897CC72
58758EE0-FRESH	CALL	58753A50	58753AF0	UNCONDITIONAL_CALL	5897CC72	5897CC72
58758EE0-FRESH	CALL	58753A50	58753AFA	UNCONDITIONAL_CALL	5897CC72	5897CC72
58758EE0-FRESH	CALL	58753CC0	58753CCE	UNCONDITIONAL_CALL	5897CC72	5897CC72
58758EE0-FRESH	CALL	58753CC0	58753CDE	UNCONDITIONAL_CALL	5897CC72	5897CC72
58758EE0-FRESH	CALL	58753CC0	58753CEE	UNCONDITIONAL_CALL	5897CC72	5897CC72
58758EE0-FRESH	CALL	58753CC0	58753CFB	UNCONDITIONAL_CALL	5897CC72	5897CC72
58758EE0-FRESH	CALL	58753CC0	58753D07	UNCONDITIONAL_CALL	5897CC72	5897CC72
58758EE0-FRESH	CALL	58753CC0	58753D18	UNCONDITIONAL_CALL	5897CC72	5897CC72
58758EE0-FRESH	CALL	58753CC0	58753D24	UNCONDITIONAL_CALL	5897CC72	5897CC72
58758EE0-FRESH	CALL	58753CC0	58753D36	UNCONDITIONAL_CALL	5897CC72	5897CC72
58758EE0-FRESH	CALL	58753CC0	58753D42	UNCONDITIONAL_CALL	5897CC72	5897CC72
58758EE0-FRESH	CALL	58753EA0	58753EAB	UNCONDITIONAL_CALL	58753A50	58753A50
58758EE0-FRESH	CALL	58753EC0	58753ECB	UNCONDITIONAL_CALL	58753B20	58753B20
58758EE0-FRESH	CALL	587540A0	587540AB	UNCONDITIONAL_CALL	58753CC0	58753CC0
58758EE0-FRESH	CALL	587B9380	587B939D	UNCONDITIONAL_CALL	5897152E	5897152E
58758EE0-FRESH	CALL	587B9380	587B93E1	UNCONDITIONAL_CALL	58970C70	58970C70
58758EE0-FRESH	CALL	587B9380	587B93E7	UNCONDITIONAL_CALL	5897CE26	5897CE26
58758EE0-FRESH	CALL	58829460	58829635	CALL_TERMINATOR	5897CC42	5897CC42
58758EE0-FRESH	CALL	58829460	5882964D	UNCONDITIONAL_CALL	58902C10	58902C10
58758EE0-FRESH	CALL	58829690	58829693	UNCONDITIONAL_CALL	58829460	58829460
58758EE0-FRESH	CALL	58829690	588296A0	CALL_TERMINATOR	5897CC42	5897CC42
58758EE0-FRESH	DATA	58829690	5899DED8	DATA		58829690
58758EE0-FRESH	CALL	588296B0	588296E5	UNCONDITIONAL_CALL	5875F940	5875F940
58758EE0-FRESH	CALL	588296B0	588296ED	UNCONDITIONAL_CALL	5875F940	5875F940
58758EE0-FRESH	CALL	588296B0	588296F8	UNCONDITIONAL_CALL	5890A8E0	5890A8E0
58758EE0-FRESH	CALL	588296B0	58829703	UNCONDITIONAL_CALL	5890A8E0	5890A8E0
58758EE0-FRESH	CALL	588296B0	5882970E	UNCONDITIONAL_CALL	5875F940	5875F940
58758EE0-FRESH	CALL	588296B0	58829719	UNCONDITIONAL_CALL	5875F940	5875F940
58758EE0-FRESH	CALL	588296B0	58829724	UNCONDITIONAL_CALL	5890A8E0	5890A8E0
58758EE0-FRESH	CALL	588296B0	5882972F	UNCONDITIONAL_CALL	5890A8E0	5890A8E0
58758EE0-FRESH	CALL	588296B0	5882973A	UNCONDITIONAL_CALL	5875F940	5875F940
58758EE0-FRESH	CALL	588296B0	58829769	UNCONDITIONAL_CALL	5875F940	5875F940
58758EE0-FRESH	CALL	588296B0	58829771	UNCONDITIONAL_CALL	5875F940	5875F940
58758EE0-FRESH	CALL	588296B0	5882977C	UNCONDITIONAL_CALL	5890A8E0	5890A8E0
58758EE0-FRESH	CALL	588296B0	58829787	UNCONDITIONAL_CALL	5890A8E0	5890A8E0
58758EE0-FRESH	CALL	588296B0	58829792	UNCONDITIONAL_CALL	5875F940	5875F940
58758EE0-FRESH	CALL	588296B0	588297D7	UNCONDITIONAL_CALL	5875F940	5875F940
58758EE0-FRESH	CALL	588296B0	588297E2	UNCONDITIONAL_CALL	5890A8E0	5890A8E0
58758EE0-FRESH	CALL	588296B0	588297ED	UNCONDITIONAL_CALL	5890A8E0	5890A8E0
58758EE0-FRESH	CALL	588296B0	588297F8	UNCONDITIONAL_CALL	5875F940	5875F940
58758EE0-FRESH	CALL	588296B0	5882982A	UNCONDITIONAL_CALL	58754080	58754080
58758EE0-FRESH	CALL	588296B0	5882983E	UNCONDITIONAL_CALL	58753E60	58753E60
58758EE0-FRESH	CALL	588296B0	58829847	UNCONDITIONAL_CALL	58770A80	58770A80
58758EE0-FRESH	CALL	588296B0	58829859	UNCONDITIONAL_CALL	587B9270	587B9270
58758EE0-FRESH	CALL	588296B0	5882986A	UNCONDITIONAL_CALL	58753EA0	58753EA0
58758EE0-FRESH	CALL	588296B0	588298B0	UNCONDITIONAL_CALL	587540A0	587540A0
58758EE0-FRESH	CALL	588296B0	588298C5	UNCONDITIONAL_CALL	58753EC0	58753EC0
58758EE0-FRESH	CALL	588296B0	588298D1	UNCONDITIONAL_CALL	58770A80	58770A80
58758EE0-FRESH	CALL	588296B0	588298E3	UNCONDITIONAL_CALL	587B92E0	587B92E0
58758EE0-FRESH	CALL	588296B0	588298EE	UNCONDITIONAL_CALL	5890A8E0	5890A8E0
58758EE0-FRESH	CALL	588296B0	588298F9	UNCONDITIONAL_CALL	5890A8E0	5890A8E0
58758EE0-FRESH	CALL	588296B0	58829922	UNCONDITIONAL_CALL	58754080	58754080
58758EE0-FRESH	CALL	588296B0	58829936	UNCONDITIONAL_CALL	58753E60	58753E60
58758EE0-FRESH	CALL	588296B0	58829942	UNCONDITIONAL_CALL	58770A80	58770A80
58758EE0-FRESH	CALL	588296B0	58829954	UNCONDITIONAL_CALL	587B9270	587B9270
58758EE0-FRESH	CALL	588296B0	58829964	UNCONDITIONAL_CALL	587540A0	587540A0
58758EE0-FRESH	CALL	588296B0	58829978	UNCONDITIONAL_CALL	58753EC0	58753EC0
58758EE0-FRESH	CALL	588296B0	58829984	UNCONDITIONAL_CALL	58770A80	58770A80
58758EE0-FRESH	CALL	588296B0	58829996	UNCONDITIONAL_CALL	587B92E0	587B92E0
58758EE0-FRESH	CALL	588296B0	588299A1	UNCONDITIONAL_CALL	5890A8E0	5890A8E0
58758EE0-FRESH	CALL	588296B0	588299AC	UNCONDITIONAL_CALL	5890A8E0	5890A8E0
58758EE0-FRESH	CALL	588296B0	58829A38	UNCONDITIONAL_CALL	58754080	58754080
58758EE0-FRESH	CALL	588296B0	58829A4C	UNCONDITIONAL_CALL	58753E60	58753E60
58758EE0-FRESH	CALL	588296B0	58829A58	UNCONDITIONAL_CALL	58770A80	58770A80
58758EE0-FRESH	CALL	588296B0	58829A65	UNCONDITIONAL_CALL	587B9270	587B9270
58758EE0-FRESH	CALL	588296B0	58829A75	UNCONDITIONAL_CALL	587540A0	587540A0
58758EE0-FRESH	CALL	588296B0	58829A89	UNCONDITIONAL_CALL	58753EC0	58753EC0
58758EE0-FRESH	CALL	588296B0	58829A95	UNCONDITIONAL_CALL	58770A80	58770A80
58758EE0-FRESH	CALL	588296B0	58829AA2	UNCONDITIONAL_CALL	587B92E0	587B92E0
58758EE0-FRESH	CALL	588296B0	58829AAD	UNCONDITIONAL_CALL	5890A8E0	5890A8E0
58758EE0-FRESH	CALL	588296B0	58829AB8	UNCONDITIONAL_CALL	5890A8E0	5890A8E0
58758EE0-FRESH	DATA	588296B0	5899DEDC	DATA		588296B0
58758EE0-FRESH	CALL	58829B40	58829B91	UNCONDITIONAL_CALL	5875F940	5875F940
58758EE0-FRESH	CALL	58829B40	58829B99	UNCONDITIONAL_CALL	5875F940	5875F940
58758EE0-FRESH	CALL	58829B40	58829BA1	UNCONDITIONAL_CALL	5875F940	5875F940
58758EE0-FRESH	DATA	58829B40	5899DEE0	DATA		58829B40
58758EE0-FRESH	CALL	58829BE0	58829C49	UNCONDITIONAL_CALL	58731540	58731540
58758EE0-FRESH	CALL	58829BE0	58829C5C	UNCONDITIONAL_CALL	58731620	58731620
58758EE0-FRESH	CALL	58829BE0	58829C66	UNCONDITIONAL_CALL	58731620	58731620
58758EE0-FRESH	CALL	58829BE0	58829C73	UNCONDITIONAL_CALL	58731620	58731620
58758EE0-FRESH	CALL	58829BE0	58829C80	UNCONDITIONAL_CALL	58731620	58731620
58758EE0-FRESH	CALL	58829BE0	58829C8D	UNCONDITIONAL_CALL	58731620	58731620
58758EE0-FRESH	CALL	58829BE0	58829C9A	UNCONDITIONAL_CALL	58731620	58731620
58758EE0-FRESH	CALL	58829BE0	58829CA7	UNCONDITIONAL_CALL	58731620	58731620
58758EE0-FRESH	CALL	58829BE0	58829CB4	UNCONDITIONAL_CALL	58731620	58731620
58758EE0-FRESH	CALL	58829BE0	58829CC1	UNCONDITIONAL_CALL	58731620	58731620
58758EE0-FRESH	CALL	58829BE0	58829CD6	UNCONDITIONAL_CALL	58731540	58731540
58758EE0-FRESH	CALL	58829BE0	58829CEE	UNCONDITIONAL_CALL	58731620	58731620
58758EE0-FRESH	CALL	58829BE0	58829CF8	UNCONDITIONAL_CALL	58731620	58731620
58758EE0-FRESH	CALL	58829BE0	58829D05	UNCONDITIONAL_CALL	58731620	58731620
58758EE0-FRESH	CALL	58829BE0	58829D12	UNCONDITIONAL_CALL	58731620	58731620
58758EE0-FRESH	CALL	58829BE0	58829D1F	UNCONDITIONAL_CALL	58731620	58731620
58758EE0-FRESH	CALL	58829BE0	58829D2F	UNCONDITIONAL_CALL	58731540	58731540
58758EE0-FRESH	CALL	58829BE0	58829D42	UNCONDITIONAL_CALL	58731620	58731620
58758EE0-FRESH	CALL	58829BE0	58829D55	UNCONDITIONAL_CALL	58731540	58731540
58758EE0-FRESH	CALL	58829BE0	58829D71	UNCONDITIONAL_CALL	58731620	58731620
58758EE0-FRESH	CALL	58829BE0	58829D7B	UNCONDITIONAL_CALL	58731620	58731620
58758EE0-FRESH	CALL	58829BE0	58829D8E	UNCONDITIONAL_CALL	58731540	58731540
58758EE0-FRESH	CALL	58829BE0	58829DAA	UNCONDITIONAL_CALL	58731620	58731620
58758EE0-FRESH	CALL	58829BE0	58829DB4	UNCONDITIONAL_CALL	58731620	58731620
58758EE0-FRESH	CALL	58829BE0	58829DC1	UNCONDITIONAL_CALL	58731620	58731620
58758EE0-FRESH	CALL	58829BE0	58829DCE	UNCONDITIONAL_CALL	58731620	58731620
58758EE0-FRESH	CALL	58829BE0	58829DDB	UNCONDITIONAL_CALL	58731620	58731620
58758EE0-FRESH	CALL	58829BE0	58829DE8	UNCONDITIONAL_CALL	58731620	58731620
58758EE0-FRESH	CALL	58829BE0	58829DFB	UNCONDITIONAL_CALL	58731540	58731540
58758EE0-FRESH	CALL	58829BE0	58829E17	UNCONDITIONAL_CALL	58731620	58731620
58758EE0-FRESH	CALL	58829BE0	58829E21	UNCONDITIONAL_CALL	58731620	58731620
58758EE0-FRESH	CALL	58829BE0	58829E2E	UNCONDITIONAL_CALL	58731620	58731620
58758EE0-FRESH	CALL	58829BE0	58829E41	UNCONDITIONAL_CALL	58731540	58731540
58758EE0-FRESH	CALL	58829BE0	58829E5D	UNCONDITIONAL_CALL	58731620	58731620
58758EE0-FRESH	CALL	58829BE0	58829E67	UNCONDITIONAL_CALL	58731620	58731620
58758EE0-FRESH	CALL	58829BE0	58829E74	UNCONDITIONAL_CALL	58731620	58731620
58758EE0-FRESH	CALL	58829BE0	58829E81	UNCONDITIONAL_CALL	58731620	58731620
58758EE0-FRESH	CALL	58829BE0	58829E8E	UNCONDITIONAL_CALL	58731620	58731620
58758EE0-FRESH	CALL	58829BE0	58829E9B	UNCONDITIONAL_CALL	58731620	58731620
58758EE0-FRESH	CALL	58829BE0	58829EA8	UNCONDITIONAL_CALL	58731620	58731620
58758EE0-FRESH	CALL	58829BE0	58829EBB	UNCONDITIONAL_CALL	58731540	58731540
58758EE0-FRESH	CALL	58829BE0	58829ECE	UNCONDITIONAL_CALL	58731620	58731620
58758EE0-FRESH	CALL	58829BE0	58829ED8	UNCONDITIONAL_CALL	58731620	58731620
58758EE0-FRESH	CALL	58829BE0	58829EE5	UNCONDITIONAL_CALL	58731620	58731620
58758EE0-FRESH	CALL	58829BE0	58829EF2	UNCONDITIONAL_CALL	58731620	58731620
58758EE0-FRESH	CALL	58829BE0	58829F05	UNCONDITIONAL_CALL	58731540	58731540
58758EE0-FRESH	CALL	58829BE0	58829F25	UNCONDITIONAL_CALL	58731620	58731620
58758EE0-FRESH	CALL	58829BE0	58829F2F	UNCONDITIONAL_CALL	58731620	58731620
58758EE0-FRESH	CALL	58829BE0	58829F3C	UNCONDITIONAL_CALL	58731620	58731620
58758EE0-FRESH	CALL	58829BE0	58829F49	UNCONDITIONAL_CALL	58731620	58731620
58758EE0-FRESH	CALL	58829BE0	58829F56	UNCONDITIONAL_CALL	58731620	58731620
58758EE0-FRESH	CALL	58829BE0	58829F63	UNCONDITIONAL_CALL	58731620	58731620
58758EE0-FRESH	CALL	58829BE0	58829F70	UNCONDITIONAL_CALL	58731620	58731620
58758EE0-FRESH	CALL	58829BE0	58829F7D	UNCONDITIONAL_CALL	58731620	58731620
58758EE0-FRESH	CALL	58829BE0	58829F8A	UNCONDITIONAL_CALL	58731620	58731620
58758EE0-FRESH	CALL	58829BE0	58829FB4	UNCONDITIONAL_CALL	58731620	58731620
58758EE0-FRESH	CALL	58829BE0	58829FCD	UNCONDITIONAL_CALL	58753BF0	58753BF0
58758EE0-FRESH	CALL	58829BE0	58829FDF	UNCONDITIONAL_CALL	58731620	58731620
58758EE0-FRESH	CALL	58829BE0	5882A000	UNCONDITIONAL_CALL	58731620	58731620
58758EE0-FRESH	CALL	58829BE0	5882A022	UNCONDITIONAL_CALL	58731620	58731620
58758EE0-FRESH	CALL	58829BE0	5882A02F	UNCONDITIONAL_CALL	58731620	58731620
58758EE0-FRESH	CALL	58829BE0	5882A056	UNCONDITIONAL_CALL	58731620	58731620
58758EE0-FRESH	CALL	58829BE0	5882A063	UNCONDITIONAL_CALL	58731620	58731620
58758EE0-FRESH	CALL	58829BE0	5882A08A	UNCONDITIONAL_CALL	58731620	58731620
58758EE0-FRESH	CALL	58829BE0	5882A0A2	UNCONDITIONAL_CALL	58753BF0	58753BF0
58758EE0-FRESH	CALL	58829BE0	5882A0B4	UNCONDITIONAL_CALL	58731620	58731620
58758EE0-FRESH	CALL	58829BE0	5882A0D7	UNCONDITIONAL_CALL	58731620	58731620
58758EE0-FRESH	CALL	58829BE0	5882A0E4	UNCONDITIONAL_CALL	58731620	58731620
58758EE0-FRESH	CALL	58829BE0	5882A10B	UNCONDITIONAL_CALL	58731620	58731620
58758EE0-FRESH	CALL	58829BE0	5882A118	UNCONDITIONAL_CALL	58731620	58731620
58758EE0-FRESH	CALL	58829BE0	5882A153	UNCONDITIONAL_CALL	58731620	58731620
58758EE0-FRESH	CALL	58829BE0	5882A160	UNCONDITIONAL_CALL	58731620	58731620
58758EE0-FRESH	CALL	58829BE0	5882A17A	UNCONDITIONAL_CALL	58731620	58731620
58758EE0-FRESH	CALL	58829BE0	5882A1A4	UNCONDITIONAL_CALL	58731620	58731620
58758EE0-FRESH	DATA	58829BE0	5899DEE8	DATA		58829BE0
58758EE0-FRESH	CALL	5882A1C0	5882A28A	UNCONDITIONAL_CALL	58731620	58731620
58758EE0-FRESH	CALL	5882A1C0	5882A294	UNCONDITIONAL_CALL	58731620	58731620
58758EE0-FRESH	CALL	5882A1C0	5882A2A1	UNCONDITIONAL_CALL	58731620	58731620
58758EE0-FRESH	CALL	5882A1C0	5882A2AE	UNCONDITIONAL_CALL	58731620	58731620
58758EE0-FRESH	CALL	5882A1C0	5882A2BB	UNCONDITIONAL_CALL	58731620	58731620
58758EE0-FRESH	CALL	5882A1C0	5882A2C8	UNCONDITIONAL_CALL	58731620	58731620
58758EE0-FRESH	CALL	5882A1C0	5882A2D5	UNCONDITIONAL_CALL	58731620	58731620
58758EE0-FRESH	CALL	5882A1C0	5882A2E2	UNCONDITIONAL_CALL	58731620	58731620
58758EE0-FRESH	CALL	5882A1C0	5882A2EF	UNCONDITIONAL_CALL	58731620	58731620
58758EE0-FRESH	CALL	5882A1C0	5882A306	UNCONDITIONAL_CALL	58731620	58731620
58758EE0-FRESH	CALL	5882A1C0	5882A310	UNCONDITIONAL_CALL	58731620	58731620
58758EE0-FRESH	CALL	5882A1C0	5882A31D	UNCONDITIONAL_CALL	58731620	58731620
58758EE0-FRESH	CALL	5882A1C0	5882A32A	UNCONDITIONAL_CALL	58731620	58731620
58758EE0-FRESH	CALL	5882A1C0	5882A337	UNCONDITIONAL_CALL	58731620	58731620
58758EE0-FRESH	CALL	5882A1C0	5882A344	UNCONDITIONAL_CALL	58731620	58731620
58758EE0-FRESH	DATA	5882A1C0	5899DEE4	DATA		5882A1C0
58758EE0-FRESH	CALL	5882B040	5882B074	UNCONDITIONAL_CALL	5875F940	5875F940
58758EE0-FRESH	CALL	5882B040	5882B084	UNCONDITIONAL_CALL	5876BAF0	5876BAF0
58758EE0-FRESH	CALL	5882B040	5882B08B	UNCONDITIONAL_CALL	58764D30	58764D30
58758EE0-FRESH	CALL	5882B040	5882B0A8	UNCONDITIONAL_CALL	5875F940	5875F940
58758EE0-FRESH	CALL	5882B040	5882B0B8	UNCONDITIONAL_CALL	5876BAF0	5876BAF0
58758EE0-FRESH	CALL	5882B040	5882B0BF	UNCONDITIONAL_CALL	58764D30	58764D30
58758EE0-FRESH	CALL	5882B040	5882B0EE	UNCONDITIONAL_CALL	5890A8E0	5890A8E0
58758EE0-FRESH	CALL	5882B040	5882B0F9	UNCONDITIONAL_CALL	5890A8E0	5890A8E0
58758EE0-FRESH	CALL	5882B040	5882B109	UNCONDITIONAL_CALL	5876BAF0	5876BAF0
58758EE0-FRESH	CALL	5882B040	5882B110	UNCONDITIONAL_CALL	58764D30	58764D30
58758EE0-FRESH	CALL	5882B040	5882B168	UNCONDITIONAL_CALL	5876BAF0	5876BAF0
58758EE0-FRESH	CALL	5882B040	5882B16F	UNCONDITIONAL_CALL	58764D30	58764D30
58758EE0-FRESH	CALL	5882B040	5882B189	UNCONDITIONAL_CALL	5876BAF0	5876BAF0
58758EE0-FRESH	CALL	5882B040	5882B190	UNCONDITIONAL_CALL	5876A570	5876A570
58758EE0-FRESH	CALL	5882B040	5882B199	UNCONDITIONAL_CALL	5882A420	5882A420
58758EE0-FRESH	CALL	5882B040	5882B1C7	UNCONDITIONAL_CALL	5875F940	5875F940
58758EE0-FRESH	CALL	5882B040	5882B1D7	UNCONDITIONAL_CALL	5876BAF0	5876BAF0
58758EE0-FRESH	CALL	5882B040	5882B1DE	UNCONDITIONAL_CALL	58764D30	58764D30
58758EE0-FRESH	CALL	5882B040	5882B20D	UNCONDITIONAL_CALL	5890A8E0	5890A8E0
58758EE0-FRESH	CALL	5882B040	5882B2B8	UNCONDITIONAL_CALL	5876BAF0	5876BAF0
58758EE0-FRESH	CALL	5882B040	5882B2BF	UNCONDITIONAL_CALL	58764D30	58764D30
58758EE0-FRESH	CALL	5882B040	5882B2D3	UNCONDITIONAL_CALL	5876BAF0	5876BAF0
58758EE0-FRESH	CALL	5882B040	5882B2DA	UNCONDITIONAL_CALL	5876A570	5876A570
58758EE0-FRESH	CALL	5882B040	5882B2E8	CALL_TERMINATOR	5882A420	5882A420
58758EE0-FRESH	CALL	5882B040	5882B2F3	UNCONDITIONAL_CALL	5890A8E0	5890A8E0
58758EE0-FRESH	CALL	5882B040	5882B306	UNCONDITIONAL_CALL	5890A8E0	5890A8E0
58758EE0-FRESH	CALL	5882B040	5882B311	UNCONDITIONAL_CALL	5890A8E0	5890A8E0
58758EE0-FRESH	CALL	5882B040	5882B321	UNCONDITIONAL_CALL	5876BAF0	5876BAF0
58758EE0-FRESH	CALL	5882B040	5882B328	UNCONDITIONAL_CALL	58764D30	58764D30
58758EE0-FRESH	CALL	5882B340	5882B3B9	UNCONDITIONAL_CALL	5882B040	5882B040
58758EE0-FRESH	CALL	5882B340	5882B4C9	UNCONDITIONAL_CALL	587B9380	587B9380
58758EE0-FRESH	CALL	5882B340	5882B4ED	UNCONDITIONAL_CALL	5897CBDA	5897CBDA
58758EE0-FRESH	DATA	5882B340	5899DEF0	DATA		5882B340
58758EE0-FRESH	CALL	58843380	5884425C	UNCONDITIONAL_CALL	5882A730	5882A730
587CEF70-FRESH	CALL	58753A50	58753A5E	UNCONDITIONAL_CALL	5897CC72	5897CC72
587CEF70-FRESH	CALL	58753A50	58753A6E	UNCONDITIONAL_CALL	5897CC72	5897CC72
587CEF70-FRESH	CALL	58753A50	58753A7E	UNCONDITIONAL_CALL	5897CC72	5897CC72
587CEF70-FRESH	CALL	58753A50	58753A8F	UNCONDITIONAL_CALL	5897CC72	5897CC72
587CEF70-FRESH	CALL	58753A50	58753A9B	UNCONDITIONAL_CALL	5897CC72	5897CC72
587CEF70-FRESH	CALL	58753A50	58753AAC	UNCONDITIONAL_CALL	5897CC72	5897CC72
587CEF70-FRESH	CALL	58753A50	58753AB8	UNCONDITIONAL_CALL	5897CC72	5897CC72
587CEF70-FRESH	CALL	58753A50	58753ACA	UNCONDITIONAL_CALL	5897CC72	5897CC72
587CEF70-FRESH	CALL	58753A50	58753AD6	UNCONDITIONAL_CALL	5897CC72	5897CC72
587CEF70-FRESH	CALL	58753A50	58753AF0	UNCONDITIONAL_CALL	5897CC72	5897CC72
587CEF70-FRESH	CALL	58753A50	58753AFA	UNCONDITIONAL_CALL	5897CC72	5897CC72
587CEF70-FRESH	CALL	58753CC0	58753CCE	UNCONDITIONAL_CALL	5897CC72	5897CC72
587CEF70-FRESH	CALL	58753CC0	58753CDE	UNCONDITIONAL_CALL	5897CC72	5897CC72
587CEF70-FRESH	CALL	58753CC0	58753CEE	UNCONDITIONAL_CALL	5897CC72	5897CC72
587CEF70-FRESH	CALL	58753CC0	58753CFB	UNCONDITIONAL_CALL	5897CC72	5897CC72
587CEF70-FRESH	CALL	58753CC0	58753D07	UNCONDITIONAL_CALL	5897CC72	5897CC72
587CEF70-FRESH	CALL	58753CC0	58753D18	UNCONDITIONAL_CALL	5897CC72	5897CC72
587CEF70-FRESH	CALL	58753CC0	58753D24	UNCONDITIONAL_CALL	5897CC72	5897CC72
587CEF70-FRESH	CALL	58753CC0	58753D36	UNCONDITIONAL_CALL	5897CC72	5897CC72
587CEF70-FRESH	CALL	58753CC0	58753D42	UNCONDITIONAL_CALL	5897CC72	5897CC72
587CEF70-FRESH	CALL	58753EA0	58753EAB	UNCONDITIONAL_CALL	58753A50	58753A50
587CEF70-FRESH	CALL	58753EC0	58753ECB	UNCONDITIONAL_CALL	58753B20	58753B20
587CEF70-FRESH	CALL	587540A0	587540AB	UNCONDITIONAL_CALL	58753CC0	58753CC0
587CEF70-FRESH	CALL	587B9380	587B939D	UNCONDITIONAL_CALL	5897152E	5897152E
587CEF70-FRESH	CALL	587B9380	587B93E1	UNCONDITIONAL_CALL	58970C70	58970C70
587CEF70-FRESH	CALL	587B9380	587B93E7	UNCONDITIONAL_CALL	5897CE26	5897CE26
587CEF70-FRESH	CALL	58829460	58829635	CALL_TERMINATOR	5897CC42	5897CC42
587CEF70-FRESH	CALL	58829460	5882964D	UNCONDITIONAL_CALL	58902C10	58902C10
587CEF70-FRESH	CALL	58829690	58829693	UNCONDITIONAL_CALL	58829460	58829460
587CEF70-FRESH	CALL	58829690	588296A0	CALL_TERMINATOR	5897CC42	5897CC42
587CEF70-FRESH	DATA	58829690	5899DED8	DATA		58829690
587CEF70-FRESH	CALL	588296B0	588296E5	UNCONDITIONAL_CALL	5875F940	5875F940
587CEF70-FRESH	CALL	588296B0	588296ED	UNCONDITIONAL_CALL	5875F940	5875F940
587CEF70-FRESH	CALL	588296B0	588296F8	UNCONDITIONAL_CALL	5890A8E0	5890A8E0
587CEF70-FRESH	CALL	588296B0	58829703	UNCONDITIONAL_CALL	5890A8E0	5890A8E0
587CEF70-FRESH	CALL	588296B0	5882970E	UNCONDITIONAL_CALL	5875F940	5875F940
587CEF70-FRESH	CALL	588296B0	58829719	UNCONDITIONAL_CALL	5875F940	5875F940
587CEF70-FRESH	CALL	588296B0	58829724	UNCONDITIONAL_CALL	5890A8E0	5890A8E0
587CEF70-FRESH	CALL	588296B0	5882972F	UNCONDITIONAL_CALL	5890A8E0	5890A8E0
587CEF70-FRESH	CALL	588296B0	5882973A	UNCONDITIONAL_CALL	5875F940	5875F940
587CEF70-FRESH	CALL	588296B0	58829769	UNCONDITIONAL_CALL	5875F940	5875F940
587CEF70-FRESH	CALL	588296B0	58829771	UNCONDITIONAL_CALL	5875F940	5875F940
587CEF70-FRESH	CALL	588296B0	5882977C	UNCONDITIONAL_CALL	5890A8E0	5890A8E0
587CEF70-FRESH	CALL	588296B0	58829787	UNCONDITIONAL_CALL	5890A8E0	5890A8E0
587CEF70-FRESH	CALL	588296B0	58829792	UNCONDITIONAL_CALL	5875F940	5875F940
587CEF70-FRESH	CALL	588296B0	588297D7	UNCONDITIONAL_CALL	5875F940	5875F940
587CEF70-FRESH	CALL	588296B0	588297E2	UNCONDITIONAL_CALL	5890A8E0	5890A8E0
587CEF70-FRESH	CALL	588296B0	588297ED	UNCONDITIONAL_CALL	5890A8E0	5890A8E0
587CEF70-FRESH	CALL	588296B0	588297F8	UNCONDITIONAL_CALL	5875F940	5875F940
587CEF70-FRESH	CALL	588296B0	5882982A	UNCONDITIONAL_CALL	58754080	58754080
587CEF70-FRESH	CALL	588296B0	5882983E	UNCONDITIONAL_CALL	58753E60	58753E60
587CEF70-FRESH	CALL	588296B0	58829847	UNCONDITIONAL_CALL	58770A80	58770A80
587CEF70-FRESH	CALL	588296B0	58829859	UNCONDITIONAL_CALL	587B9270	587B9270
587CEF70-FRESH	CALL	588296B0	5882986A	UNCONDITIONAL_CALL	58753EA0	58753EA0
587CEF70-FRESH	CALL	588296B0	588298B0	UNCONDITIONAL_CALL	587540A0	587540A0
587CEF70-FRESH	CALL	588296B0	588298C5	UNCONDITIONAL_CALL	58753EC0	58753EC0
587CEF70-FRESH	CALL	588296B0	588298D1	UNCONDITIONAL_CALL	58770A80	58770A80
587CEF70-FRESH	CALL	588296B0	588298E3	UNCONDITIONAL_CALL	587B92E0	587B92E0
587CEF70-FRESH	CALL	588296B0	588298EE	UNCONDITIONAL_CALL	5890A8E0	5890A8E0
587CEF70-FRESH	CALL	588296B0	588298F9	UNCONDITIONAL_CALL	5890A8E0	5890A8E0
587CEF70-FRESH	CALL	588296B0	58829922	UNCONDITIONAL_CALL	58754080	58754080
587CEF70-FRESH	CALL	588296B0	58829936	UNCONDITIONAL_CALL	58753E60	58753E60
587CEF70-FRESH	CALL	588296B0	58829942	UNCONDITIONAL_CALL	58770A80	58770A80
587CEF70-FRESH	CALL	588296B0	58829954	UNCONDITIONAL_CALL	587B9270	587B9270
587CEF70-FRESH	CALL	588296B0	58829964	UNCONDITIONAL_CALL	587540A0	587540A0
587CEF70-FRESH	CALL	588296B0	58829978	UNCONDITIONAL_CALL	58753EC0	58753EC0
587CEF70-FRESH	CALL	588296B0	58829984	UNCONDITIONAL_CALL	58770A80	58770A80
587CEF70-FRESH	CALL	588296B0	58829996	UNCONDITIONAL_CALL	587B92E0	587B92E0
587CEF70-FRESH	CALL	588296B0	588299A1	UNCONDITIONAL_CALL	5890A8E0	5890A8E0
587CEF70-FRESH	CALL	588296B0	588299AC	UNCONDITIONAL_CALL	5890A8E0	5890A8E0
587CEF70-FRESH	CALL	588296B0	58829A38	UNCONDITIONAL_CALL	58754080	58754080
587CEF70-FRESH	CALL	588296B0	58829A4C	UNCONDITIONAL_CALL	58753E60	58753E60
587CEF70-FRESH	CALL	588296B0	58829A58	UNCONDITIONAL_CALL	58770A80	58770A80
587CEF70-FRESH	CALL	588296B0	58829A65	UNCONDITIONAL_CALL	587B9270	587B9270
587CEF70-FRESH	CALL	588296B0	58829A75	UNCONDITIONAL_CALL	587540A0	587540A0
587CEF70-FRESH	CALL	588296B0	58829A89	UNCONDITIONAL_CALL	58753EC0	58753EC0
587CEF70-FRESH	CALL	588296B0	58829A95	UNCONDITIONAL_CALL	58770A80	58770A80
587CEF70-FRESH	CALL	588296B0	58829AA2	UNCONDITIONAL_CALL	587B92E0	587B92E0
587CEF70-FRESH	CALL	588296B0	58829AAD	UNCONDITIONAL_CALL	5890A8E0	5890A8E0
587CEF70-FRESH	CALL	588296B0	58829AB8	UNCONDITIONAL_CALL	5890A8E0	5890A8E0
587CEF70-FRESH	DATA	588296B0	5899DEDC	DATA		588296B0
587CEF70-FRESH	CALL	58829B40	58829B91	UNCONDITIONAL_CALL	5875F940	5875F940
587CEF70-FRESH	CALL	58829B40	58829B99	UNCONDITIONAL_CALL	5875F940	5875F940
587CEF70-FRESH	CALL	58829B40	58829BA1	UNCONDITIONAL_CALL	5875F940	5875F940
587CEF70-FRESH	DATA	58829B40	5899DEE0	DATA		58829B40
587CEF70-FRESH	CALL	58829BE0	58829C49	UNCONDITIONAL_CALL	58731540	58731540
587CEF70-FRESH	CALL	58829BE0	58829C5C	UNCONDITIONAL_CALL	58731620	58731620
587CEF70-FRESH	CALL	58829BE0	58829C66	UNCONDITIONAL_CALL	58731620	58731620
587CEF70-FRESH	CALL	58829BE0	58829C73	UNCONDITIONAL_CALL	58731620	58731620
587CEF70-FRESH	CALL	58829BE0	58829C80	UNCONDITIONAL_CALL	58731620	58731620
587CEF70-FRESH	CALL	58829BE0	58829C8D	UNCONDITIONAL_CALL	58731620	58731620
587CEF70-FRESH	CALL	58829BE0	58829C9A	UNCONDITIONAL_CALL	58731620	58731620
587CEF70-FRESH	CALL	58829BE0	58829CA7	UNCONDITIONAL_CALL	58731620	58731620
587CEF70-FRESH	CALL	58829BE0	58829CB4	UNCONDITIONAL_CALL	58731620	58731620
587CEF70-FRESH	CALL	58829BE0	58829CC1	UNCONDITIONAL_CALL	58731620	58731620
587CEF70-FRESH	CALL	58829BE0	58829CD6	UNCONDITIONAL_CALL	58731540	58731540
587CEF70-FRESH	CALL	58829BE0	58829CEE	UNCONDITIONAL_CALL	58731620	58731620
587CEF70-FRESH	CALL	58829BE0	58829CF8	UNCONDITIONAL_CALL	58731620	58731620
587CEF70-FRESH	CALL	58829BE0	58829D05	UNCONDITIONAL_CALL	58731620	58731620
587CEF70-FRESH	CALL	58829BE0	58829D12	UNCONDITIONAL_CALL	58731620	58731620
587CEF70-FRESH	CALL	58829BE0	58829D1F	UNCONDITIONAL_CALL	58731620	58731620
587CEF70-FRESH	CALL	58829BE0	58829D2F	UNCONDITIONAL_CALL	58731540	58731540
587CEF70-FRESH	CALL	58829BE0	58829D42	UNCONDITIONAL_CALL	58731620	58731620
587CEF70-FRESH	CALL	58829BE0	58829D55	UNCONDITIONAL_CALL	58731540	58731540
587CEF70-FRESH	CALL	58829BE0	58829D71	UNCONDITIONAL_CALL	58731620	58731620
587CEF70-FRESH	CALL	58829BE0	58829D7B	UNCONDITIONAL_CALL	58731620	58731620
587CEF70-FRESH	CALL	58829BE0	58829D8E	UNCONDITIONAL_CALL	58731540	58731540
587CEF70-FRESH	CALL	58829BE0	58829DAA	UNCONDITIONAL_CALL	58731620	58731620
587CEF70-FRESH	CALL	58829BE0	58829DB4	UNCONDITIONAL_CALL	58731620	58731620
587CEF70-FRESH	CALL	58829BE0	58829DC1	UNCONDITIONAL_CALL	58731620	58731620
587CEF70-FRESH	CALL	58829BE0	58829DCE	UNCONDITIONAL_CALL	58731620	58731620
587CEF70-FRESH	CALL	58829BE0	58829DDB	UNCONDITIONAL_CALL	58731620	58731620
587CEF70-FRESH	CALL	58829BE0	58829DE8	UNCONDITIONAL_CALL	58731620	58731620
587CEF70-FRESH	CALL	58829BE0	58829DFB	UNCONDITIONAL_CALL	58731540	58731540
587CEF70-FRESH	CALL	58829BE0	58829E17	UNCONDITIONAL_CALL	58731620	58731620
587CEF70-FRESH	CALL	58829BE0	58829E21	UNCONDITIONAL_CALL	58731620	58731620
587CEF70-FRESH	CALL	58829BE0	58829E2E	UNCONDITIONAL_CALL	58731620	58731620
587CEF70-FRESH	CALL	58829BE0	58829E41	UNCONDITIONAL_CALL	58731540	58731540
587CEF70-FRESH	CALL	58829BE0	58829E5D	UNCONDITIONAL_CALL	58731620	58731620
587CEF70-FRESH	CALL	58829BE0	58829E67	UNCONDITIONAL_CALL	58731620	58731620
587CEF70-FRESH	CALL	58829BE0	58829E74	UNCONDITIONAL_CALL	58731620	58731620
587CEF70-FRESH	CALL	58829BE0	58829E81	UNCONDITIONAL_CALL	58731620	58731620
587CEF70-FRESH	CALL	58829BE0	58829E8E	UNCONDITIONAL_CALL	58731620	58731620
587CEF70-FRESH	CALL	58829BE0	58829E9B	UNCONDITIONAL_CALL	58731620	58731620
587CEF70-FRESH	CALL	58829BE0	58829EA8	UNCONDITIONAL_CALL	58731620	58731620
587CEF70-FRESH	CALL	58829BE0	58829EBB	UNCONDITIONAL_CALL	58731540	58731540
587CEF70-FRESH	CALL	58829BE0	58829ECE	UNCONDITIONAL_CALL	58731620	58731620
587CEF70-FRESH	CALL	58829BE0	58829ED8	UNCONDITIONAL_CALL	58731620	58731620
587CEF70-FRESH	CALL	58829BE0	58829EE5	UNCONDITIONAL_CALL	58731620	58731620
587CEF70-FRESH	CALL	58829BE0	58829EF2	UNCONDITIONAL_CALL	58731620	58731620
587CEF70-FRESH	CALL	58829BE0	58829F05	UNCONDITIONAL_CALL	58731540	58731540
587CEF70-FRESH	CALL	58829BE0	58829F25	UNCONDITIONAL_CALL	58731620	58731620
587CEF70-FRESH	CALL	58829BE0	58829F2F	UNCONDITIONAL_CALL	58731620	58731620
587CEF70-FRESH	CALL	58829BE0	58829F3C	UNCONDITIONAL_CALL	58731620	58731620
587CEF70-FRESH	CALL	58829BE0	58829F49	UNCONDITIONAL_CALL	58731620	58731620
587CEF70-FRESH	CALL	58829BE0	58829F56	UNCONDITIONAL_CALL	58731620	58731620
587CEF70-FRESH	CALL	58829BE0	58829F63	UNCONDITIONAL_CALL	58731620	58731620
587CEF70-FRESH	CALL	58829BE0	58829F70	UNCONDITIONAL_CALL	58731620	58731620
587CEF70-FRESH	CALL	58829BE0	58829F7D	UNCONDITIONAL_CALL	58731620	58731620
587CEF70-FRESH	CALL	58829BE0	58829F8A	UNCONDITIONAL_CALL	58731620	58731620
587CEF70-FRESH	CALL	58829BE0	58829FB4	UNCONDITIONAL_CALL	58731620	58731620
587CEF70-FRESH	CALL	58829BE0	58829FCD	UNCONDITIONAL_CALL	58753BF0	58753BF0
587CEF70-FRESH	CALL	58829BE0	58829FDF	UNCONDITIONAL_CALL	58731620	58731620
587CEF70-FRESH	CALL	58829BE0	5882A000	UNCONDITIONAL_CALL	58731620	58731620
587CEF70-FRESH	CALL	58829BE0	5882A022	UNCONDITIONAL_CALL	58731620	58731620
587CEF70-FRESH	CALL	58829BE0	5882A02F	UNCONDITIONAL_CALL	58731620	58731620
587CEF70-FRESH	CALL	58829BE0	5882A056	UNCONDITIONAL_CALL	58731620	58731620
587CEF70-FRESH	CALL	58829BE0	5882A063	UNCONDITIONAL_CALL	58731620	58731620
587CEF70-FRESH	CALL	58829BE0	5882A08A	UNCONDITIONAL_CALL	58731620	58731620
587CEF70-FRESH	CALL	58829BE0	5882A0A2	UNCONDITIONAL_CALL	58753BF0	58753BF0
587CEF70-FRESH	CALL	58829BE0	5882A0B4	UNCONDITIONAL_CALL	58731620	58731620
587CEF70-FRESH	CALL	58829BE0	5882A0D7	UNCONDITIONAL_CALL	58731620	58731620
587CEF70-FRESH	CALL	58829BE0	5882A0E4	UNCONDITIONAL_CALL	58731620	58731620
587CEF70-FRESH	CALL	58829BE0	5882A10B	UNCONDITIONAL_CALL	58731620	58731620
587CEF70-FRESH	CALL	58829BE0	5882A118	UNCONDITIONAL_CALL	58731620	58731620
587CEF70-FRESH	CALL	58829BE0	5882A153	UNCONDITIONAL_CALL	58731620	58731620
587CEF70-FRESH	CALL	58829BE0	5882A160	UNCONDITIONAL_CALL	58731620	58731620
587CEF70-FRESH	CALL	58829BE0	5882A17A	UNCONDITIONAL_CALL	58731620	58731620
587CEF70-FRESH	CALL	58829BE0	5882A1A4	UNCONDITIONAL_CALL	58731620	58731620
587CEF70-FRESH	DATA	58829BE0	5899DEE8	DATA		58829BE0
587CEF70-FRESH	CALL	5882A1C0	5882A28A	UNCONDITIONAL_CALL	58731620	58731620
587CEF70-FRESH	CALL	5882A1C0	5882A294	UNCONDITIONAL_CALL	58731620	58731620
587CEF70-FRESH	CALL	5882A1C0	5882A2A1	UNCONDITIONAL_CALL	58731620	58731620
587CEF70-FRESH	CALL	5882A1C0	5882A2AE	UNCONDITIONAL_CALL	58731620	58731620
587CEF70-FRESH	CALL	5882A1C0	5882A2BB	UNCONDITIONAL_CALL	58731620	58731620
587CEF70-FRESH	CALL	5882A1C0	5882A2C8	UNCONDITIONAL_CALL	58731620	58731620
587CEF70-FRESH	CALL	5882A1C0	5882A2D5	UNCONDITIONAL_CALL	58731620	58731620
587CEF70-FRESH	CALL	5882A1C0	5882A2E2	UNCONDITIONAL_CALL	58731620	58731620
587CEF70-FRESH	CALL	5882A1C0	5882A2EF	UNCONDITIONAL_CALL	58731620	58731620
587CEF70-FRESH	CALL	5882A1C0	5882A306	UNCONDITIONAL_CALL	58731620	58731620
587CEF70-FRESH	CALL	5882A1C0	5882A310	UNCONDITIONAL_CALL	58731620	58731620
587CEF70-FRESH	CALL	5882A1C0	5882A31D	UNCONDITIONAL_CALL	58731620	58731620
587CEF70-FRESH	CALL	5882A1C0	5882A32A	UNCONDITIONAL_CALL	58731620	58731620
587CEF70-FRESH	CALL	5882A1C0	5882A337	UNCONDITIONAL_CALL	58731620	58731620
587CEF70-FRESH	CALL	5882A1C0	5882A344	UNCONDITIONAL_CALL	58731620	58731620
587CEF70-FRESH	DATA	5882A1C0	5899DEE4	DATA		5882A1C0
587CEF70-FRESH	CALL	5882B040	5882B074	UNCONDITIONAL_CALL	5875F940	5875F940
587CEF70-FRESH	CALL	5882B040	5882B084	UNCONDITIONAL_CALL	5876BAF0	5876BAF0
587CEF70-FRESH	CALL	5882B040	5882B08B	UNCONDITIONAL_CALL	58764D30	58764D30
587CEF70-FRESH	CALL	5882B040	5882B0A8	UNCONDITIONAL_CALL	5875F940	5875F940
587CEF70-FRESH	CALL	5882B040	5882B0B8	UNCONDITIONAL_CALL	5876BAF0	5876BAF0
587CEF70-FRESH	CALL	5882B040	5882B0BF	UNCONDITIONAL_CALL	58764D30	58764D30
587CEF70-FRESH	CALL	5882B040	5882B0EE	UNCONDITIONAL_CALL	5890A8E0	5890A8E0
587CEF70-FRESH	CALL	5882B040	5882B0F9	UNCONDITIONAL_CALL	5890A8E0	5890A8E0
587CEF70-FRESH	CALL	5882B040	5882B109	UNCONDITIONAL_CALL	5876BAF0	5876BAF0
587CEF70-FRESH	CALL	5882B040	5882B110	UNCONDITIONAL_CALL	58764D30	58764D30
587CEF70-FRESH	CALL	5882B040	5882B168	UNCONDITIONAL_CALL	5876BAF0	5876BAF0
587CEF70-FRESH	CALL	5882B040	5882B16F	UNCONDITIONAL_CALL	58764D30	58764D30
587CEF70-FRESH	CALL	5882B040	5882B189	UNCONDITIONAL_CALL	5876BAF0	5876BAF0
587CEF70-FRESH	CALL	5882B040	5882B190	UNCONDITIONAL_CALL	5876A570	5876A570
587CEF70-FRESH	CALL	5882B040	5882B199	UNCONDITIONAL_CALL	5882A420	5882A420
587CEF70-FRESH	CALL	5882B040	5882B1C7	UNCONDITIONAL_CALL	5875F940	5875F940
587CEF70-FRESH	CALL	5882B040	5882B1D7	UNCONDITIONAL_CALL	5876BAF0	5876BAF0
587CEF70-FRESH	CALL	5882B040	5882B1DE	UNCONDITIONAL_CALL	58764D30	58764D30
587CEF70-FRESH	CALL	5882B040	5882B20D	UNCONDITIONAL_CALL	5890A8E0	5890A8E0
587CEF70-FRESH	CALL	5882B040	5882B2B8	UNCONDITIONAL_CALL	5876BAF0	5876BAF0
587CEF70-FRESH	CALL	5882B040	5882B2BF	UNCONDITIONAL_CALL	58764D30	58764D30
587CEF70-FRESH	CALL	5882B040	5882B2D3	UNCONDITIONAL_CALL	5876BAF0	5876BAF0
587CEF70-FRESH	CALL	5882B040	5882B2DA	UNCONDITIONAL_CALL	5876A570	5876A570
587CEF70-FRESH	CALL	5882B040	5882B2E8	CALL_TERMINATOR	5882A420	5882A420
587CEF70-FRESH	CALL	5882B040	5882B2F3	UNCONDITIONAL_CALL	5890A8E0	5890A8E0
587CEF70-FRESH	CALL	5882B040	5882B306	UNCONDITIONAL_CALL	5890A8E0	5890A8E0
587CEF70-FRESH	CALL	5882B040	5882B311	UNCONDITIONAL_CALL	5890A8E0	5890A8E0
587CEF70-FRESH	CALL	5882B040	5882B321	UNCONDITIONAL_CALL	5876BAF0	5876BAF0
587CEF70-FRESH	CALL	5882B040	5882B328	UNCONDITIONAL_CALL	58764D30	58764D30
587CEF70-FRESH	CALL	5882B340	5882B3B9	UNCONDITIONAL_CALL	5882B040	5882B040
587CEF70-FRESH	CALL	5882B340	5882B4C9	UNCONDITIONAL_CALL	587B9380	587B9380
587CEF70-FRESH	CALL	5882B340	5882B4ED	UNCONDITIONAL_CALL	5897CBDA	5897CBDA
587CEF70-FRESH	DATA	5882B340	5899DEF0	DATA		5882B340
587CEF70-FRESH	CALL	58843380	5884425C	UNCONDITIONAL_CALL	5882A730	5882A730
