export	kind	function	site	target	type
58758ee0	CALL	587bacc0	587bacf0	5897cc48	UNCONDITIONAL_CALL
58758ee0	CALL	587bacc0	587bad89	588f4060	UNCONDITIONAL_CALL
58758ee0	CALL	587bacc0	587bad90	588e9590	UNCONDITIONAL_CALL
58758ee0	CALL	587bacc0	587bada7	587b4470	UNCONDITIONAL_CALL
58758ee0	CALL	587bacc0	587badcf	588f4060	UNCONDITIONAL_CALL
58758ee0	CALL	587bacc0	587badd6	588e9590	UNCONDITIONAL_CALL
58758ee0	CALL	587bacc0	587bae72	588f4060	UNCONDITIONAL_CALL
58758ee0	CALL	587bacc0	587bae79	588e9590	UNCONDITIONAL_CALL
58758ee0	CALL	587bacc0	587baf1c	58970c70	UNCONDITIONAL_CALL
58758ee0	CALL	587bacc0	587baf2e	5897cbda	UNCONDITIONAL_CALL
58758ee0	CALL	587f2dd0	587f499b	587b4470	UNCONDITIONAL_CALL
58758ee0	CALL	587f2dd0	587f5304	587bacc0	UNCONDITIONAL_CALL
587cef70	CALL	587bacc0	587bacf0	5897cc48	UNCONDITIONAL_CALL
587cef70	CALL	587bacc0	587bad89	588f4060	UNCONDITIONAL_CALL
587cef70	CALL	587bacc0	587bad90	588e9590	UNCONDITIONAL_CALL
587cef70	CALL	587bacc0	587bada7	587b4470	UNCONDITIONAL_CALL
587cef70	CALL	587bacc0	587badcf	588f4060	UNCONDITIONAL_CALL
587cef70	CALL	587bacc0	587badd6	588e9590	UNCONDITIONAL_CALL
587cef70	CALL	587bacc0	587bae72	588f4060	UNCONDITIONAL_CALL
587cef70	CALL	587bacc0	587bae79	588e9590	UNCONDITIONAL_CALL
587cef70	CALL	587bacc0	587baf1c	58970c70	UNCONDITIONAL_CALL
587cef70	CALL	587bacc0	587baf2e	5897cbda	UNCONDITIONAL_CALL
587cef70	CALL	587f2dd0	587f499b	587b4470	UNCONDITIONAL_CALL
587cef70	CALL	587f2dd0	587f5304	587bacc0	UNCONDITIONAL_CALL
