"function"	start	"length"	"instruction_bytes"	"instruction_count"
588F9AD0	588f9ad0	41	41	15
588F9B20	588f9b20	86	86	28
588F9CB0	588f9cb0	25	25	10
588F9CB0	588f9cd0	150	150	50
588F9CB0	588f9d70	154	154	48
588F9CB0	588f9e10	113	113	48
588F9EA0	588f9ea0	291	291	88
588FA090	588fa090	57	57	15
588FA090	588fa0d0	153	153	47
588FA090	588fa170	73	73	27
588FA7F0	588fa7f0	313	313	99
588FA930	588fa930	373	373	116
588FAAB0	588faab0	112	112	52
588FACD0	588facd0	144	144	58
588FB8A0	588fb8a0	31	31	11
588FB8C0	588fb8c0	31	31	11
588FC210	588fc210	686	686	200
588FC560	588fc560	57	57	13
588FF630	588ff630	50	50	19
588FF670	588ff670	50	50	19
