function	start	length	instruction_bytes	instruction_count
58731000	58731000	547	547	192
58731230	58731230	157	157	42
587312d0	587312d0	546	546	148
58731840	58731840	21	21	7
58731840	58731858	6	6	3
58731860	58731860	423	423	124
58731a10	58731a10	86	86	24
58731d30	58731d30	1350	1350	341
58732290	58732290	526	526	175
587324a0	587324a0	624	624	184
58732710	58732710	617	617	206
58732980	58732980	611	611	181
58732bf0	58732bf0	611	611	181
58732e60	58732e60	603	603	176
587330c0	587330c0	13	13	6
587330c0	587330d0	66	66	29
58733120	58733120	118	118	26
587331a0	587331a0	209	209	59
58733e70	58733e70	717	717	200
58733e70	58734140	153	153	38
58733e70	587341e0	696	696	188
587344a0	587344a0	705	705	206
58734770	58734770	224	224	66
58734850	58734850	83	83	27
