root	role	function	start	length	instruction_count
588FDDD0	slot-0-deleting-destructor	588FDC00	588fdc00	237	84
588FDDD0	slot-0-deleting-destructor	588FDDD0	588fddd0	21	7
588FDDD0	slot-0-deleting-destructor	588FDDD0	588fdde8	6	3
588FE460	slot-0x10-event	588F7D00	588f7d00	7	3
588FE460	slot-0x10-event	588F7E00	588f7e00	16	4
588FE460	slot-0x10-event	588F7E10	588f7e10	19	6
588FE460	slot-0x10-event	588FB8E0	588fb8e0	78	34
588FE460	slot-0x10-event	588FD790	588fd790	153	52
588FE460	slot-0x10-event	588FDCF0	588fdcf0	22	8
588FE460	slot-0x10-event	588FDD10	588fdd10	22	8
588FE460	slot-0x10-event	588FDDF0	588fddf0	531	193
588FE460	slot-0x10-event	588FE010	588fe010	194	83
588FE460	slot-0x10-event	588FE0E0	588fe0e0	51	22
588FE460	slot-0x10-event	588FE0E0	588fe120	822	225
588FE460	slot-0x10-event	588FE460	588fe460	177	69
588FE460	slot-0x10-event	588FE9C0	588fe9c0	16	4
588FE460	slot-0x10-event	588FEA10	588fea10	27	9
588FE460	slot-0x10-event	588FEA30	588fea30	119	44
588FE460	slot-0x10-event	588FEB10	588feb10	36	12
588FE460	slot-0x10-event	588FF420	588ff420	270	93
588FE460	slot-0x10-event	588FF530	588ff530	250	84
588FDD30	slot-0x18-interaction	588F7D00	588f7d00	7	3
588FDD30	slot-0x18-interaction	588F7E00	588f7e00	16	4
588FDD30	slot-0x18-interaction	588F7E10	588f7e10	19	6
588FDD30	slot-0x18-interaction	588FB8E0	588fb8e0	78	34
588FDD30	slot-0x18-interaction	588FD790	588fd790	153	52
588FDD30	slot-0x18-interaction	588FDD30	588fdd30	152	48
588FDD30	slot-0x18-interaction	588FE0E0	588fe0e0	51	22
588FDD30	slot-0x18-interaction	588FE0E0	588fe120	822	225
588FDD30	slot-0x18-interaction	588FE9C0	588fe9c0	16	4
588FDD30	slot-0x18-interaction	588FEA10	588fea10	27	9
588FDD30	slot-0x18-interaction	588FEA30	588fea30	119	44
588FDD30	slot-0x18-interaction	588FEB10	588feb10	36	12
588FDD30	slot-0x18-interaction	588FF420	588ff420	270	93
588FDD30	slot-0x18-interaction	588FF530	588ff530	250	84
