function	table_address	index	entry_kind	raw_value	resolved_target
58877ad0	58877b14	0	absolute_target	58877b0f	58877b0f
58877ad0	58877b14	1	absolute_target	58877b0f	58877b0f
58877ad0	58877b14	2	absolute_target	58877ae5	58877ae5
58877ad0	58877b14	3	absolute_target	58877aed	58877aed
58877ad0	58877b14	4	absolute_target	58877af5	58877af5
58877ad0	58877b14	5	absolute_target	58877af5	58877af5
58877ad0	58877b14	6	absolute_target	58877afd	58877afd
58877ad0	58877b14	7	absolute_target	58877afd	58877afd
58877ad0	58877b14	8	absolute_target	58877b02	58877b02
58877ad0	58877b14	9	absolute_target	58877b0a	58877b0a
58877bc0	5887814c	0	absolute_target	58877c09	58877c09
58877bc0	5887814c	1	absolute_target	58877cf1	58877cf1
58877bc0	5887814c	2	absolute_target	58877de9	58877de9
58877bc0	5887814c	3	absolute_target	58877d5c	58877d5c
58877bc0	5887814c	4	absolute_target	58877e7d	58877e7d
58877bc0	58878160	0	case_index	00	58877c09
58877bc0	58878160	1	case_index	04	58877e7d
58877bc0	58878160	2	case_index	04	58877e7d
58877bc0	58878160	3	case_index	04	58877e7d
58877bc0	58878160	4	case_index	04	58877e7d
58877bc0	58878160	5	case_index	04	58877e7d
58877bc0	58878160	6	case_index	04	58877e7d
58877bc0	58878160	7	case_index	04	58877e7d
58877bc0	58878160	8	case_index	04	58877e7d
58877bc0	58878160	9	case_index	04	58877e7d
58877bc0	58878160	10	case_index	04	58877e7d
58877bc0	58878160	11	case_index	04	58877e7d
58877bc0	58878160	12	case_index	01	58877cf1
58877bc0	58878160	13	case_index	04	58877e7d
58877bc0	58878160	14	case_index	04	58877e7d
58877bc0	58878160	15	case_index	02	58877de9
58877bc0	58878160	16	case_index	03	58877d5c
