export	function	start	length	instruction_bytes	instruction_count
main-function-bodies-inventory	588f7d00	588f7d00	7	7	3
main-function-bodies-inventory	588f7e00	588f7e00	16	16	4
main-function-bodies-inventory	588f7e10	588f7e10	19	19	6
main-function-bodies-inventory	588fb8e0	588fb8e0	78	78	34
main-function-bodies-inventory	588fd790	588fd790	153	153	52
main-function-bodies-inventory	588fdc00	588fdc00	237	237	84
main-function-bodies-inventory	588fdcf0	588fdcf0	22	22	8
main-function-bodies-inventory	588fdd10	588fdd10	22	22	8
main-function-bodies-inventory	588fdd30	588fdd30	152	152	48
main-function-bodies-inventory	588fddd0	588fddd0	21	21	7
main-function-bodies-inventory	588fddd0	588fdde8	6	6	3
main-function-bodies-inventory	588fddf0	588fddf0	531	531	193
main-function-bodies-inventory	588fe010	588fe010	194	194	83
main-function-bodies-inventory	588fe0e0	588fe0e0	51	51	22
main-function-bodies-inventory	588fe0e0	588fe120	822	822	225
main-function-bodies-inventory	588fe460	588fe460	177	177	69
main-function-bodies-inventory	588fe9c0	588fe9c0	16	16	4
main-function-bodies-inventory	588fea10	588fea10	27	27	9
main-function-bodies-inventory	588fea30	588fea30	119	119	44
main-function-bodies-inventory	588feb10	588feb10	36	36	12
main-function-bodies-inventory	588ff420	588ff420	270	270	93
main-function-bodies-inventory	588ff530	588ff530	250	250	84
targeted-fresh-ghidra	588f7d00	588f7d00	7	7	3
targeted-fresh-ghidra	588f7e00	588f7e00	16	16	4
targeted-fresh-ghidra	588f7e10	588f7e10	19	19	6
targeted-fresh-ghidra	588fb8e0	588fb8e0	78	78	34
targeted-fresh-ghidra	588fd790	588fd790	153	153	52
targeted-fresh-ghidra	588fdc00	588fdc00	237	237	84
targeted-fresh-ghidra	588fdcf0	588fdcf0	22	22	8
targeted-fresh-ghidra	588fdd10	588fdd10	22	22	8
targeted-fresh-ghidra	588fdd30	588fdd30	152	152	48
targeted-fresh-ghidra	588fddd0	588fddd0	21	21	7
targeted-fresh-ghidra	588fddd0	588fdde8	6	6	3
targeted-fresh-ghidra	588fddf0	588fddf0	531	531	193
targeted-fresh-ghidra	588fe010	588fe010	194	194	83
targeted-fresh-ghidra	588fe0e0	588fe0e0	51	51	22
targeted-fresh-ghidra	588fe0e0	588fe120	822	822	225
targeted-fresh-ghidra	588fe460	588fe460	177	177	69
targeted-fresh-ghidra	588fe9c0	588fe9c0	16	16	4
targeted-fresh-ghidra	588fea10	588fea10	27	27	9
targeted-fresh-ghidra	588fea30	588fea30	119	119	44
targeted-fresh-ghidra	588feb10	588feb10	36	36	12
targeted-fresh-ghidra	588ff420	588ff420	270	270	93
targeted-fresh-ghidra	588ff530	588ff530	250	250	84
