component	address	name	size
client-main	10001000	FUN_10001000	190
client-main	100010c0	FUN_100010c0	30
client-main	100010e0	FUN_100010e0	94
client-main	10001140	FUN_10001140	177
client-main	10001200	FUN_10001200	278
client-main	10001360	FUN_10001360	30
client-main	10001380	FUN_10001380	227
client-main	10001470	FUN_10001470	30
client-main	10001490	FUN_10001490	154
client-main	10001530	FUN_10001530	34
client-main	10001560	FUN_10001560	84
client-main	100015c0	FUN_100015c0	44
client-main	100015f0	FUN_100015f0	1485
client-main	10001be0	FUN_10001be0	1300
client-main	10002100	FUN_10002100	245
client-main	10002200	FUN_10002200	21
client-main	10002220	FUN_10002220	3103
client-main	10002e40	FUN_10002e40	125
client-main	10002ec0	FUN_10002ec0	28
client-main	10002ee0	FUN_10002ee0	1209
client-main	100033a0	FUN_100033a0	1593
client-main	100039e0	FUN_100039e0	881
client-main	10003d60	FUN_10003d60	577
client-main	10003fb0	FUN_10003fb0	73
client-main	10004000	FUN_10004000	255
client-main	10004100	FUN_10004100	122
client-main	10004180	FUN_10004180	243
client-main	10004280	FUN_10004280	160
client-main	10004320	FUN_10004320	1106
client-main	10004780	FUN_10004780	1336
client-main	10004cc0	FUN_10004cc0	1082
client-main	10005100	FUN_10005100	213
client-main	100051e0	FUN_100051e0	649
client-main	10005470	FUN_10005470	222
client-main	10005550	FUN_10005550	87
client-main	100055b0	FUN_100055b0	116
client-main	10005630	FUN_10005630	1108
client-main	10005a90	FUN_10005a90	127
client-main	10005b10	FUN_10005b10	111
client-main	10005b80	FUN_10005b80	124
client-main	10005c00	FUN_10005c00	2929
client-main	10006780	FUN_10006780	30
client-main	100067a0	FUN_100067a0	577
client-main	100069f0	FUN_100069f0	4239
client-main	10007a80	FUN_10007a80	3941
client-main	10008a00	FUN_10008a00	1099
client-main	10008e50	FUN_10008e50	2560
client-main	100098c0	FUN_100098c0	7
client-main	10009cf0	FUN_10009cf0	249
client-main	10009df0	FUN_10009df0	774
client-main	1000a100	FUN_1000a100	351
client-main	1000a260	FUN_1000a260	675
client-main	1000a510	FUN_1000a510	788
client-main	1000a830	FUN_1000a830	179
client-main	1000a8f0	FUN_1000a8f0	30
client-main	1000a910	FUN_1000a910	4
client-main	1000a920	FUN_1000a920	482
client-main	1000ab10	FUN_1000ab10	332
client-main	1000ac60	FUN_1000ac60	2252
client-main	1000b530	FUN_1000b530	2444
client-main	1000bec0	FUN_1000bec0	392
client-main	1000c060	FUN_1000c060	234
client-main	1000c150	FUN_1000c150	31
client-main	1000c170	FUN_1000c170	429
client-main	1000c350	FUN_1000c350	91
client-main	1000c3b0	FUN_1000c3b0	23
client-main	1000c3d0	FUN_1000c3d0	534
client-main	1000c5f0	FUN_1000c5f0	30
client-main	1000c610	FUN_1000c610	60
client-main	1000cc30	FUN_1000cc30	24
client-main	1000ce40	FUN_1000ce40	340
client-main	1000cfa0	FUN_1000cfa0	30
client-main	1000cfc0	FUN_1000cfc0	44
client-main	1000cff0	FUN_1000cff0	34
client-main	1000d020	FUN_1000d020	435
client-main	1000d280	FUN_1000d280	160
client-main	1000d320	FUN_1000d320	30
client-main	1000d340	FUN_1000d340	11
client-main	1000d350	FUN_1000d350	333
client-main	1000d660	FUN_1000d660	146
client-main	1000d700	FUN_1000d700	235
client-main	1000d7f0	FUN_1000d7f0	104
client-main	1000d860	FUN_1000d860	30
client-main	1000d880	FUN_1000d880	11
client-main	1000d890	FUN_1000d890	46
client-main	1000d8c0	FUN_1000d8c0	249
client-main	1000d9c0	FUN_1000d9c0	30
client-main	1000d9e0	FUN_1000d9e0	11
client-main	1000d9f0	FUN_1000d9f0	53
client-main	1000da30	FUN_1000da30	41
client-main	1000def0	FUN_1000def0	495
client-main	1000e1d0	FUN_1000e1d0	61
client-main	1000e210	FUN_1000e210	354
client-main	1000e380	FUN_1000e380	30
client-main	1000e3a0	FUN_1000e3a0	94
client-main	1000e400	FUN_1000e400	1629
client-main	1000ea60	FUN_1000ea60	132
client-main	1000eb20	FUN_1000eb20	2063
client-main	1000f330	FUN_1000f330	30
client-main	1000f350	FUN_1000f350	294
client-main	1000f480	FUN_1000f480	2293
client-main	100107b0	FUN_100107b0	324
client-main	10010900	FUN_10010900	27
client-main	10010920	FUN_10010920	104
client-main	10010990	FUN_10010990	30
client-main	100109b0	FUN_100109b0	386
client-main	10010b40	FUN_10010b40	30
client-main	10010b60	FUN_10010b60	114
client-main	100117c0	FUN_100117c0	141
client-main	10011850	FUN_10011850	72
client-main	100118a0	FUN_100118a0	17
client-main	100118c0	FUN_100118c0	415
client-main	10011a60	FUN_10011a60	30
client-main	10011a80	FUN_10011a80	142
client-main	100122f0	FUN_100122f0	364
client-main	10012460	FUN_10012460	428
client-main	10012610	FUN_10012610	503
client-main	10012810	FUN_10012810	30
client-main	10012830	FUN_10012830	64
client-main	10012870	FUN_10012870	57
client-main	100128b0	FUN_100128b0	48
client-main	100128e0	FUN_100128e0	57
client-main	10012920	FUN_10012920	48
client-main	10012950	FUN_10012950	70
client-main	10012a60	FUN_10012a60	661
client-main	10012d00	FUN_10012d00	60
client-main	10012d40	FUN_10012d40	63
client-main	10012d80	FUN_10012d80	573
client-main	10012fc0	FUN_10012fc0	48
client-main	10012ff0	FUN_10012ff0	41
client-main	10013060	FUN_10013060	33
client-main	10013090	FUN_10013090	58
client-main	100130d0	FUN_100130d0	33
client-main	10013100	FUN_10013100	63
client-main	10013140	FUN_10013140	48
client-main	10013170	FUN_10013170	50
client-main	100131b0	FUN_100131b0	24
client-main	100131d0	FUN_100131d0	24
client-main	10013210	FUN_10013210	226
client-main	10013300	FUN_10013300	894
client-main	10013680	FUN_10013680	193
client-main	10013750	FUN_10013750	168
client-main	10013800	FUN_10013800	683
client-main	10013ab0	FUN_10013ab0	1903
client-main	10014220	FUN_10014220	603
client-main	10014480	FUN_10014480	30
client-main	100144a0	FUN_100144a0	113
client-main	10014520	FUN_10014520	303
client-main	10014650	FUN_10014650	181
client-main	10014710	FUN_10014710	270
client-main	10014820	FUN_10014820	473
client-main	10014a20	FUN_10014a20	81
client-main	10014a80	FUN_10014a80	187
client-main	10014b40	FUN_10014b40	219
client-main	10014c20	FUN_10014c20	30
client-main	10014c40	FUN_10014c40	100
client-main	10014cb0	FUN_10014cb0	101
client-main	10014d20	FUN_10014d20	67
client-main	10014d70	FUN_10014d70	67
client-main	10014dc0	FUN_10014dc0	30
client-main	10014de0	FUN_10014de0	49
client-main	10014e70	FUN_10014e70	56
client-main	10014eb0	FUN_10014eb0	1221
client-main	10015380	FUN_10015380	30
client-main	100153a0	FUN_100153a0	224
client-main	100154d0	FUN_100154d0	330
client-main	10015620	FUN_10015620	238
client-main	10015710	FUN_10015710	856
client-main	10015a70	FUN_10015a70	107
client-main	10015ae0	FUN_10015ae0	19
client-main	10015b00	FUN_10015b00	54
client-main	10015b40	FUN_10015b40	54
client-main	10015b80	FUN_10015b80	98
client-main	10015bf0	FUN_10015bf0	39
client-main	10015c20	FUN_10015c20	154
client-main	10015cc0	FUN_10015cc0	30
client-main	10015ce0	FUN_10015ce0	11
client-main	10015cf0	FUN_10015cf0	115
client-main	10015d70	FUN_10015d70	353
client-main	10015ee0	FUN_10015ee0	30
client-main	10015f00	FUN_10015f00	100
client-main	10015f70	FUN_10015f70	218
client-main	10016050	FUN_10016050	113
client-main	100160f0	FUN_100160f0	397
client-main	10016280	FUN_10016280	626
client-main	10016500	FUN_10016500	94
client-main	10016560	FUN_10016560	487
client-main	10016760	FUN_10016760	447
client-main	10016930	FUN_10016930	534
client-main	10016b50	FUN_10016b50	30
client-main	10016b70	FUN_10016b70	126
client-main	10016bf0	FUN_10016bf0	540
client-main	10016e10	FUN_10016e10	249
client-main	10016f10	FUN_10016f10	312
client-main	100172c0	FUN_100172c0	349
client-main	10017420	FUN_10017420	30
client-main	10017440	FUN_10017440	100
client-main	100174b0	FUN_100174b0	502
client-main	100176c0	FUN_100176c0	486
client-main	100178b0	FUN_100178b0	34
client-main	100178e0	FUN_100178e0	19
client-main	10017900	FUN_10017900	115
client-main	10017980	FUN_10017980	191
client-main	10017a40	FUN_10017a40	57
client-main	10017a80	FUN_10017a80	30
client-main	10017aa0	FUN_10017aa0	11
client-main	10017b30	FUN_10017b30	126
client-main	10017bb0	FUN_10017bb0	565
client-main	10017df0	FUN_10017df0	329
client-main	10017f40	FUN_10017f40	30
client-main	10017f60	FUN_10017f60	94
client-main	10017fc0	FUN_10017fc0	527
client-main	100181d0	FUN_100181d0	439
client-main	10018390	FUN_10018390	30
client-main	100183b0	FUN_100183b0	11
client-main	100183c0	FUN_100183c0	519
client-main	100185d0	FUN_100185d0	38
client-main	10018600	FUN_10018600	206
client-main	100186d0	FUN_100186d0	30
client-main	100186f0	FUN_100186f0	100
client-main	10018760	FUN_10018760	217
client-main	10018840	FUN_10018840	100
client-main	100188b0	FUN_100188b0	5
client-main	100188c0	FUN_100188c0	20
client-main	100188e0	FUN_100188e0	13
client-main	100188f0	FUN_100188f0	91
client-main	10018950	FUN_10018950	569
client-main	10018b90	FUN_10018b90	30
client-main	10018bb0	FUN_10018bb0	200
client-main	1001bda0	FUN_1001bda0	13
client-main	1001bdc0	FUN_1001bdc0	41
client-main	1001be80	FUN_1001be80	138
client-main	1001bf10	FUN_1001bf10	292
client-main	1001c040	FUN_1001c040	30
client-main	1001c060	FUN_1001c060	94
client-main	1001cc80	FUN_1001cc80	279
client-main	1001ce40	FUN_1001ce40	14
client-main	1001ce50	FUN_1001ce50	1392
client-main	1001d3c0	FUN_1001d3c0	30
client-main	1001d3e0	FUN_1001d3e0	226
client-main	1001d4d0	FUN_1001d4d0	57
client-main	1001d510	FUN_1001d510	381
client-main	1001d690	FUN_1001d690	128
client-main	1001d710	FUN_1001d710	95
client-main	1001d770	FUN_1001d770	254
client-main	1001d870	FUN_1001d870	203
client-main	1001dab0	FUN_1001dab0	10288
client-main	10020760	FUN_10020760	2375
client-main	10021160	FUN_10021160	250
client-main	10021260	FUN_10021260	95
client-main	100212c0	FUN_100212c0	1127
client-main	10021730	FUN_10021730	411
client-main	100218d0	FUN_100218d0	41
client-main	10021900	FUN_10021900	256
client-main	10021a00	FUN_10021a00	30
client-main	10021a20	FUN_10021a20	11
client-main	10021a30	FUN_10021a30	667
client-main	10021cd0	FUN_10021cd0	91
client-main	10021d30	FUN_10021d30	147
client-main	10021de0	FUN_10021de0	57
client-main	10021e20	FUN_10021e20	21
client-main	10021e40	FUN_10021e40	137
client-main	10021ed0	FUN_10021ed0	101
client-main	10021f40	FUN_10021f40	310
client-main	10022080	FUN_10022080	310
client-main	100221c0	FUN_100221c0	270
client-main	10022300	FUN_10022300	195
client-main	100223d0	FUN_100223d0	309
client-main	10022510	FUN_10022510	30
client-main	10022530	FUN_10022530	94
client-main	10022590	FUN_10022590	929
client-main	10022940	FUN_10022940	243
client-main	10022b90	FUN_10022b90	98
client-main	10022c00	FUN_10022c00	156
client-main	10022ca0	FUN_10022ca0	148
client-main	10022d40	FUN_10022d40	230
client-main	10022e30	FUN_10022e30	125
client-main	10022eb0	FUN_10022eb0	30
client-main	10022ed0	FUN_10022ed0	11
client-main	10022ee0	FUN_10022ee0	147
client-main	10022f80	FUN_10022f80	166
client-main	10023030	FUN_10023030	30
client-main	10023050	FUN_10023050	11
client-main	10023060	FUN_10023060	554
client-main	10023290	FUN_10023290	154
client-main	10023330	FUN_10023330	30
client-main	10023350	FUN_10023350	11
client-main	10023360	FUN_10023360	537
client-main	10023580	FUN_10023580	118
client-main	10023600	FUN_10023600	30
client-main	10023620	FUN_10023620	195
client-main	100236f0	FUN_100236f0	392
client-main	10023880	FUN_10023880	91
client-main	100238e0	FUN_100238e0	199
client-main	100239b0	FUN_100239b0	186
client-main	10023a70	FUN_10023a70	1275
client-main	10023f70	FUN_10023f70	205
client-main	10024040	FUN_10024040	247
client-main	10024140	FUN_10024140	161
client-main	100241f0	FUN_100241f0	289
client-main	10024320	FUN_10024320	44
client-main	10024350	FUN_10024350	279
client-main	100245b0	FUN_100245b0	145
client-main	10024650	FUN_10024650	50
client-main	10024690	FUN_10024690	38
client-main	100246e0	FUN_100246e0	372
client-main	10024860	FUN_10024860	1454
client-main	10024e10	FUN_10024e10	80
client-main	10024e60	FUN_10024e60	84
client-main	10024ec0	FUN_10024ec0	91
client-main	10024f20	FUN_10024f20	90
client-main	10024f80	FUN_10024f80	87
client-main	10024fe0	FUN_10024fe0	81
client-main	10025040	FUN_10025040	81
client-main	100250a0	FUN_100250a0	93
client-main	10025100	FUN_10025100	96
client-main	10025160	FUN_10025160	87
client-main	100251c0	FUN_100251c0	89
client-main	10025220	FUN_10025220	263
client-main	10025330	FUN_10025330	159
client-main	10025630	FUN_10025630	106
client-main	100256a0	FUN_100256a0	677
client-main	10025950	FUN_10025950	441
client-main	10025b10	FUN_10025b10	3680
client-main	10026970	FUN_10026970	30
client-main	10026990	FUN_10026990	656
client-main	10026c20	FUN_10026c20	152
client-main	10026cc0	FUN_10026cc0	3090
client-main	100278e0	FUN_100278e0	58
client-main	10027cc0	FUN_10027cc0	1034
client-main	100280d0	FUN_100280d0	466
client-main	100282b0	FUN_100282b0	658
client-main	10028550	FUN_10028550	117
client-main	10028930	FUN_10028930	30
client-main	10028950	FUN_10028950	246
client-main	10028a50	FUN_10028a50	188
client-main	10028b10	FUN_10028b10	52
client-main	10028b50	FUN_10028b50	548
client-main	10028d80	FUN_10028d80	766
client-main	10029080	FUN_10029080	165
client-main	10029130	FUN_10029130	126
client-main	100291b0	FUN_100291b0	221
client-main	10029290	FUN_10029290	74
client-main	100292e0	FUN_100292e0	116
client-main	10029360	FUN_10029360	715
client-main	10029630	FUN_10029630	161
client-main	100296e0	FUN_100296e0	44
client-main	10029730	FUN_10029730	188
client-main	100297f0	FUN_100297f0	30
client-main	10029810	FUN_10029810	11
client-main	10029820	FUN_10029820	138
client-main	100298b0	FUN_100298b0	104
client-main	10029920	FUN_10029920	38
client-main	10029950	FUN_10029950	400
client-main	10029ae0	FUN_10029ae0	30
client-main	10029b00	FUN_10029b00	94
client-main	10029b60	FUN_10029b60	456
client-main	10029d30	FUN_10029d30	192
client-main	10029df0	FUN_10029df0	30
client-main	10029e10	FUN_10029e10	11
client-main	10029e20	FUN_10029e20	112
client-main	10029e90	FUN_10029e90	52
client-main	10029ed0	FUN_10029ed0	10
client-main	10029ee0	FUN_10029ee0	128
client-main	10029f60	FUN_10029f60	290
client-main	1002a090	FUN_1002a090	30
client-main	1002a0b0	FUN_1002a0b0	94
client-main	1002a110	FUN_1002a110	79
client-main	1002a2f0	FUN_1002a2f0	39
client-main	1002a320	FUN_1002a320	38
client-main	1002a350	FUN_1002a350	82
client-main	1002a3b0	FUN_1002a3b0	8
client-main	1002a430	FUN_1002a430	30
client-main	1002a450	FUN_1002a450	11
client-main	1002a670	FUN_1002a670	30
client-main	1002a690	FUN_1002a690	11
client-main	1002a6a0	FUN_1002a6a0	185
client-main	1002a780	FUN_1002a780	368
client-main	1002a8f0	FUN_1002a8f0	30
client-main	1002a910	FUN_1002a910	110
client-main	1002a980	FUN_1002a980	251
client-main	1002aa80	FUN_1002aa80	309
client-main	1002abc0	FUN_1002abc0	470
client-main	1002ada0	FUN_1002ada0	30
client-main	1002adc0	FUN_1002adc0	187
client-main	1002b080	FUN_1002b080	1078
client-main	1002ba90	FUN_1002ba90	23
client-main	1002bad0	FUN_1002bad0	154
client-main	1002bb70	FUN_1002bb70	94
client-main	1002bbd0	FUN_1002bbd0	80
client-main	1002bc20	FUN_1002bc20	40
client-main	1002bc50	FUN_1002bc50	108
client-main	1002bce0	FUN_1002bce0	371
client-main	1002be60	FUN_1002be60	96
client-main	1002bec0	FUN_1002bec0	94
client-main	1002bf20	FUN_1002bf20	91
client-main	1002bf80	FUN_1002bf80	18
client-main	1002bfa0	FUN_1002bfa0	97
client-main	1002c010	FUN_1002c010	47
client-main	1002c080	FUN_1002c080	243
client-main	1002c180	FUN_1002c180	64
client-main	1002c1c0	FUN_1002c1c0	4
client-main	1002c1d0	FUN_1002c1d0	36
client-main	1002c200	FUN_1002c200	70
client-main	1002c250	FUN_1002c250	55
client-main	1002c290	FUN_1002c290	95
client-main	1002c2f0	FUN_1002c2f0	67
client-main	1002c340	FUN_1002c340	30
client-main	1002c360	FUN_1002c360	11
client-main	1002c3d0	FUN_1002c3d0	2751
client-main	1002ce90	FUN_1002ce90	30
client-main	1002ceb0	FUN_1002ceb0	414
client-main	1002d050	FUN_1002d050	910
client-main	1002d420	FUN_1002d420	1022
client-main	1002d870	FUN_1002d870	301
client-main	1002d9a0	FUN_1002d9a0	5867
client-main	1002f090	FUN_1002f090	270
client-main	1002f1a0	FUN_1002f1a0	366
client-main	1002f310	FUN_1002f310	2295
client-main	1002fc10	FUN_1002fc10	485
client-main	1002fe00	FUN_1002fe00	430
client-main	1002ffb0	FUN_1002ffb0	80
client-main	10030000	FUN_10030000	236
client-main	100300f0	FUN_100300f0	2000
client-main	100308c0	FUN_100308c0	364
client-main	10030a30	FUN_10030a30	580
client-main	10030ee0	FUN_10030ee0	1006
client-main	100312d0	FUN_100312d0	895
client-main	10031680	FUN_10031680	1123
client-main	10031af0	FUN_10031af0	60
client-main	10031b30	FUN_10031b30	1892
client-main	100322a0	FUN_100322a0	183
client-main	10032360	FUN_10032360	147
client-main	10032400	FUN_10032400	30
client-main	10032420	FUN_10032420	114
client-main	100324a0	FUN_100324a0	90
client-main	10032500	FUN_10032500	185
client-main	100325c0	FUN_100325c0	4
client-main	100325d0	FUN_100325d0	16
client-main	100325e0	FUN_100325e0	12
client-main	100325f0	FUN_100325f0	88
client-main	10032650	FUN_10032650	88
client-main	100326b0	FUN_100326b0	483
client-main	100328a0	FUN_100328a0	30
client-main	100328c0	FUN_100328c0	100
client-main	10032930	FUN_10032930	398
client-main	10032ac0	FUN_10032ac0	538
client-main	10032ce0	FUN_10032ce0	423
client-main	10032e90	FUN_10032e90	53
client-main	10032ed0	FUN_10032ed0	99
client-main	10032f40	FUN_10032f40	59
client-main	10032f80	FUN_10032f80	75
client-main	10032fd0	FUN_10032fd0	170
client-main	10033080	FUN_10033080	110
client-main	100330f0	FUN_100330f0	17
client-main	10033110	FUN_10033110	235
client-main	10033200	FUN_10033200	30
client-main	10033220	FUN_10033220	11
client-main	10033230	FUN_10033230	214
client-main	10033310	FUN_10033310	722
client-main	100335f0	FUN_100335f0	427
client-main	10033870	FUN_10033870	29
client-main	10033890	FUN_10033890	10
client-main	10033a60	FUN_10033a60	8
client-main	10033a70	InitCGCDLL	16
client-main	100341a0	CloseCGCDLL	1800
client-main	100348b0	AllocScreen	50
client-main	100348f0	FUN_100348f0	99
client-main	10034960	FUN_10034960	30
client-main	10034980	FUN_10034980	11
client-main	10034990	FUN_10034990	78
client-main	10034b10	FUN_10034b10	5978
client-main	10036270	FUN_10036270	30
client-main	10036290	FUN_10036290	822
client-main	100365d0	FUN_100365d0	6952
client-main	10038130	FUN_10038130	56
client-main	10038170	FUN_10038170	177
client-main	10038230	FUN_10038230	327
client-main	10038580	FUN_10038580	313
client-main	100386c0	FUN_100386c0	7959
client-main	1003b2e0	FUN_1003b2e0	5
client-main	1003b2f0	FUN_1003b2f0	136
client-main	1003b380	FUN_1003b380	511
client-main	1003b580	FUN_1003b580	577
client-main	1003b830	FUN_1003b830	100
client-main	1003b8a0	FUN_1003b8a0	2017
client-main	1003c430	FUN_1003c430	407
client-main	1003d620	FUN_1003d620	342
client-main	1003d7a0	FUN_1003d7a0	48
client-main	1003d7d0	FUN_1003d7d0	530
client-main	1003d9f0	FUN_1003d9f0	1159
client-main	1003de80	FUN_1003de80	30
client-main	1003dea0	FUN_1003dea0	202
client-main	1003df70	FUN_1003df70	144
client-main	1003e070	FUN_1003e070	382
client-main	1003e1f0	FUN_1003e1f0	25
client-main	1003e220	FUN_1003e220	72
client-main	1003e290	FUN_1003e290	2745
client-main	1003f000	FUN_1003f000	1782
client-main	1003f700	FUN_1003f700	2799
client-main	100401f0	FUN_100401f0	201
client-main	100402c0	FUN_100402c0	27
client-main	100402e0	FUN_100402e0	55
client-main	10040460	FUN_10040460	51
client-main	100404a0	FUN_100404a0	101
client-main	100405d0	FUN_100405d0	25
client-main	100405f0	FUN_100405f0	16
client-main	10040600	FUN_10040600	55
client-main	10040640	FUN_10040640	3612
client-main	10041460	FUN_10041460	30
client-main	10041480	FUN_10041480	670
client-main	10041720	FUN_10041720	566
client-main	10041960	FUN_10041960	271
client-main	10041a70	FUN_10041a70	322
client-main	10041bc0	FUN_10041bc0	191
client-main	10041c80	FUN_10041c80	130
client-main	10041d10	FUN_10041d10	19
client-main	10041d30	FUN_10041d30	46
client-main	10041d60	FUN_10041d60	37
client-main	10041d90	FUN_10041d90	17
client-main	10041db0	FUN_10041db0	680
client-main	10042060	FUN_10042060	30
client-main	10042080	FUN_10042080	40
client-main	100420b0	FUN_100420b0	41
client-main	100420e0	FUN_100420e0	278
client-main	10042200	FUN_10042200	523
client-main	10042410	FUN_10042410	333
client-main	10042560	FUN_10042560	66
client-main	100425b0	FUN_100425b0	57
client-main	100425f0	FUN_100425f0	66
client-main	10042640	FUN_10042640	57
client-main	10042680	FUN_10042680	217
client-main	10042780	FUN_10042780	476
client-main	10042960	FUN_10042960	285
client-main	10042a80	FUN_10042a80	67
client-main	10042ad0	FUN_10042ad0	364
client-main	10042c50	FUN_10042c50	8
client-main	10042c60	FUN_10042c60	8
client-main	10042c70	FUN_10042c70	8
client-main	10042c80	FUN_10042c80	37
client-main	10042cb0	FUN_10042cb0	21
client-main	10042cd0	FUN_10042cd0	21
client-main	10042cf0	FUN_10042cf0	21
client-main	10042d10	FUN_10042d10	21
client-main	10042d30	FUN_10042d30	462
client-main	10042f00	FUN_10042f00	30
client-main	10042f20	FUN_10042f20	128
client-main	10042fa0	FUN_10042fa0	61
client-main	10042fe0	FUN_10042fe0	131
client-main	10043070	FUN_10043070	53
client-main	100430b0	FUN_100430b0	213
client-main	10043190	FUN_10043190	248
client-main	10043290	FUN_10043290	186
client-main	10043350	FUN_10043350	47
client-main	10043380	FUN_10043380	58
client-main	10043400	FUN_10043400	170
client-main	100434b0	FUN_100434b0	70
client-main	10043520	FUN_10043520	390
client-main	100436b0	FUN_100436b0	33
client-main	100436e0	FUN_100436e0	97
client-main	10043750	FUN_10043750	61
client-main	10043790	FUN_10043790	35
client-main	100437c0	FUN_100437c0	226
client-main	100438c0	FUN_100438c0	13
client-main	100438d0	FUN_100438d0	18
client-main	100438f0	FUN_100438f0	288
client-main	10043a10	FUN_10043a10	13
client-main	10043a20	FUN_10043a20	536
client-main	10043c50	FUN_10043c50	5
client-main	10043c60	FUN_10043c60	13
client-main	10043c70	FUN_10043c70	3
client-main	10043cc0	FUN_10043cc0	23
client-main	10043ce0	FUN_10043ce0	8
client-main	10043d10	FUN_10043d10	314
client-main	10043e50	FUN_10043e50	30
client-main	10043e70	FUN_10043e70	100
client-main	10043ee0	FUN_10043ee0	2215
client-main	10044790	FUN_10044790	674
client-main	10044a40	FUN_10044a40	87
client-main	10044aa0	FUN_10044aa0	169
client-main	10044b50	FUN_10044b50	227
client-main	10044c40	FUN_10044c40	166
client-main	10044cf0	FUN_10044cf0	179
client-main	10044db0	FUN_10044db0	596
client-main	100452c0	FUN_100452c0	430
client-main	10045970	FUN_10045970	13
client-main	100459f0	FUN_100459f0	408
client-main	10045b90	FUN_10045b90	30
client-main	10045bb0	FUN_10045bb0	100
client-main	10046090	FUN_10046090	110
client-main	10046100	FUN_10046100	30
client-main	10046120	FUN_10046120	11
client-main	10046130	FUN_10046130	806
client-main	10046460	FUN_10046460	297
client-main	10046ad0	FUN_10046ad0	197
client-main	10046ba0	FUN_10046ba0	124
client-main	10046c20	FUN_10046c20	7
client-main	10046ea0	FUN_10046ea0	340
client-main	10047000	FUN_10047000	30
client-main	10047020	FUN_10047020	31
client-main	10047520	FUN_10047520	42
client-main	10047550	FUN_10047550	131
client-main	100475e0	FUN_100475e0	30
client-main	10047600	FUN_10047600	102
client-main	10047670	FUN_10047670	54
client-main	100476b0	FUN_100476b0	56
client-main	100476f0	FUN_100476f0	10
client-main	10047700	FUN_10047700	63
client-main	10047740	FUN_10047740	17
client-main	10047760	FUN_10047760	13
client-main	10047770	FUN_10047770	476
client-main	10047950	FUN_10047950	227
client-main	10047a40	FUN_10047a40	30
client-main	10047a60	FUN_10047a60	11
client-main	10047a70	FUN_10047a70	24
client-main	10047a90	FUN_10047a90	409
client-main	10047c90	FUN_10047c90	55
client-main	10047ce0	FUN_10047ce0	169
client-main	10047d90	FUN_10047d90	30
client-main	10047db0	FUN_10047db0	11
client-main	10047dc0	FUN_10047dc0	407
client-main	10047f60	FUN_10047f60	24
client-main	10047f80	FUN_10047f80	13
client-main	10047f90	FUN_10047f90	188
client-main	10048050	FUN_10048050	30
client-main	10048070	FUN_10048070	11
client-main	100480a0	FUN_100480a0	1
client-main	100480c0	FUN_100480c0	61
client-main	10048160	FUN_10048160	343
client-main	100482c0	FUN_100482c0	118
client-main	10048340	FUN_10048340	186
client-main	100484d0	FUN_100484d0	365
client-main	10048640	FUN_10048640	30
client-main	10048660	FUN_10048660	268
client-main	10048770	FUN_10048770	94
client-main	100487d0	FUN_100487d0	155
client-main	10048870	FUN_10048870	132
client-main	10048900	FUN_10048900	90
client-main	10048960	FUN_10048960	30
client-main	10048980	FUN_10048980	11
client-main	10048990	FUN_10048990	132
client-main	10048a20	FUN_10048a20	107
client-main	10048a90	FUN_10048a90	93
client-main	10048af0	FUN_10048af0	30
client-main	10048b10	FUN_10048b10	79
client-main	10048b60	FUN_10048b60	14940
client-main	1004c870	FUN_1004c870	55
client-main	1004c8b0	FUN_1004c8b0	97
client-main	1004c920	FUN_1004c920	86
client-main	1004c980	FUN_1004c980	70
client-main	1004ca40	FUN_1004ca40	76
client-main	1004ca90	FUN_1004ca90	56
client-main	1004cad0	FUN_1004cad0	42
client-main	1004cb00	FUN_1004cb00	21
client-main	1004cb20	FUN_1004cb20	21
client-main	1004cb40	FUN_1004cb40	21
client-main	1004cbd0	FUN_1004cbd0	44
client-main	1004cc00	FUN_1004cc00	41
client-main	1004cc30	FUN_1004cc30	41
client-main	1004cc60	FUN_1004cc60	30
client-main	1004cc80	FUN_1004cc80	29
client-main	1004cca0	FUN_1004cca0	38
client-main	1004cf80	FUN_1004cf80	134
client-main	1004d0d0	FUN_1004d0d0	29
client-main	1004d1a0	FUN_1004d1a0	29
client-main	1004d1c0	FUN_1004d1c0	29
client-main	1004d1e0	FUN_1004d1e0	76
client-main	1004d230	FUN_1004d230	55
client-main	1004d380	FUN_1004d380	109
client-main	1004d3f0	FUN_1004d3f0	52
client-main	1004d430	FUN_1004d430	92
client-main	1004d490	FUN_1004d490	54
client-main	1004d4d0	FUN_1004d4d0	110
client-main	1004d540	FUN_1004d540	61
client-main	1004d580	FUN_1004d580	26
client-main	1004d5f0	FUN_1004d5f0	99
client-main	1004d6a0	FUN_1004d6a0	55
client-main	1004d6e0	FUN_1004d6e0	31
client-main	1004d700	FUN_1004d700	60
client-main	1004d760	FUN_1004d760	49
client-main	1004d7d0	FUN_1004d7d0	54
client-main	1004d8e0	FUN_1004d8e0	613
client-main	1004db50	FUN_1004db50	1411
client-main	1004e0e0	FUN_1004e0e0	30
client-main	1004e100	FUN_1004e100	250
client-main	1004e580	FUN_1004e580	8
client-main	1004e5a0	FUN_1004e5a0	8
client-main	1004e5b0	FUN_1004e5b0	166
client-main	1004e660	FUN_1004e660	92
client-main	1004e6c0	FUN_1004e6c0	30
client-main	1004e6e0	FUN_1004e6e0	11
client-main	1004e6f0	FUN_1004e6f0	198
client-main	1004e7c0	FUN_1004e7c0	30
client-main	1004e7e0	FUN_1004e7e0	119
client-main	1004e860	FUN_1004e860	179
client-main	1004e920	FUN_1004e920	310
client-main	1004ea60	FUN_1004ea60	97
client-main	1004ead0	FUN_1004ead0	457
client-main	1004eca0	FUN_1004eca0	57
client-main	1004ece0	FUN_1004ece0	59
client-main	1004ed20	FUN_1004ed20	161
client-main	1004ee10	FUN_1004ee10	269
client-main	1004ef20	FUN_1004ef20	30
client-main	1004ef40	FUN_1004ef40	113
client-main	1004efc0	FUN_1004efc0	438
client-main	1004f270	FUN_1004f270	220
client-main	1004f350	FUN_1004f350	224
client-main	1004f430	FUN_1004f430	53
client-main	1004f470	FUN_1004f470	75
client-main	1004f4c0	FUN_1004f4c0	110
client-main	1004f530	FUN_1004f530	139
client-main	1004f5c0	FUN_1004f5c0	30
client-main	1004f5e0	FUN_1004f5e0	11
client-main	1004f5f0	FUN_1004f5f0	142
client-main	1004f680	FUN_1004f680	383
client-main	1004f820	FUN_1004f820	3764
client-main	100506e0	FUN_100506e0	30
client-main	10050700	FUN_10050700	301
client-main	10051780	FUN_10051780	294
client-main	10052550	FUN_10052550	1137
client-main	100529d0	FUN_100529d0	178
client-main	10052a90	FUN_10052a90	13
client-main	10052aa0	FUN_10052aa0	378
client-main	10052c20	FUN_10052c20	178
client-main	10052ce0	FUN_10052ce0	211
client-main	10052dc0	FUN_10052dc0	380
client-main	10053130	FUN_10053130	669
client-main	100533d0	FUN_100533d0	98
client-main	10053440	FUN_10053440	171
client-main	100534f0	FUN_100534f0	124
client-main	100537a0	FUN_100537a0	349
client-main	10053900	FUN_10053900	352
client-main	10053a80	FUN_10053a80	340
client-main	10053c20	FUN_10053c20	98
client-main	10053cf0	FUN_10053cf0	99
client-main	10053d60	FUN_10053d60	260
client-main	10053e70	FUN_10053e70	49
client-main	10053eb0	FUN_10053eb0	70
client-main	10053f20	FUN_10053f20	1022
client-main	10054320	FUN_10054320	30
client-main	10054340	FUN_10054340	107
client-main	100544c0	FUN_100544c0	768
client-main	100547c0	FUN_100547c0	229
client-main	100548b0	FUN_100548b0	8
client-main	100548c0	FUN_100548c0	325
client-main	10054a10	FUN_10054a10	13
client-main	10054a20	FUN_10054a20	1478
client-main	10054ff0	FUN_10054ff0	212
client-main	10055330	FUN_10055330	20
client-main	10055360	FUN_10055360	340
client-main	100554c0	FUN_100554c0	810
client-main	100557f0	FUN_100557f0	122
client-main	10055870	FUN_10055870	783
client-main	10055b80	FUN_10055b80	162
client-main	10055c30	FUN_10055c30	93
client-main	10055c90	FUN_10055c90	148
client-main	10055d30	FUN_10055d30	4
client-main	10055d40	FUN_10055d40	66
client-main	10055d90	FUN_10055d90	122
client-main	10055e10	FUN_10055e10	92
client-main	10055e70	FUN_10055e70	1160
client-main	10056300	FUN_10056300	1010
client-main	10056700	FUN_10056700	207
client-main	100567d0	FUN_100567d0	31
client-main	100567f0	FUN_100567f0	54
client-main	10056830	FUN_10056830	209
client-main	10056910	FUN_10056910	6399
client-main	10058210	FUN_10058210	30
client-main	10058230	FUN_10058230	579
client-main	1005a8d0	FUN_1005a8d0	241
client-main	1005a9d0	FUN_1005a9d0	1428
client-main	1005afe0	FUN_1005afe0	4896
client-main	1005ccb0	FUN_1005ccb0	204
client-main	1005cd80	FUN_1005cd80	509
client-main	1005cf80	FUN_1005cf80	452
client-main	1005d150	FUN_1005d150	412
client-main	1005d2f0	FUN_1005d2f0	143
client-main	1005d380	FUN_1005d380	50
client-main	1005d3c0	FUN_1005d3c0	117
client-main	1005d440	FUN_1005d440	502
client-main	1005d640	FUN_1005d640	236
client-main	1005d730	FUN_1005d730	37
client-main	1005d760	FUN_1005d760	227
client-main	1005d850	FUN_1005d850	559
client-main	1005da80	FUN_1005da80	885
client-main	1005de00	FUN_1005de00	138
client-main	1005de90	FUN_1005de90	171
client-main	1005df80	FUN_1005df80	215
client-main	1005e060	FUN_1005e060	141
client-main	1005e0f0	FUN_1005e0f0	218
client-main	1005e200	FUN_1005e200	534
client-main	1005e420	FUN_1005e420	3533
client-main	1005f1f0	FUN_1005f1f0	523
client-main	1005f400	FUN_1005f400	523
client-main	1005f610	FUN_1005f610	2545
client-main	100601d0	FUN_100601d0	197
client-main	100602a0	FUN_100602a0	1752
client-main	100609f0	FUN_100609f0	96
client-main	10060a50	FUN_10060a50	96
client-main	10060ab0	FUN_10060ab0	27
client-main	10060ad0	FUN_10060ad0	542
client-main	10060cf0	FUN_10060cf0	219
client-main	10060dd0	FUN_10060dd0	219
client-main	10060eb0	FUN_10060eb0	159
client-main	10060f50	FUN_10060f50	8226
client-main	10062f80	FUN_10062f80	30
client-main	10062fa0	FUN_10062fa0	1239
client-main	10063480	FUN_10063480	716
client-main	10065070	FUN_10065070	30
client-main	10065090	FUN_10065090	359
client-main	10066a90	FUN_10066a90	8792
client-main	10068d80	FUN_10068d80	5747
client-main	1006a400	FUN_1006a400	734
client-main	1006a6f0	FUN_1006a6f0	205
client-main	1006a7c0	FUN_1006a7c0	258
client-main	1006a8d0	FUN_1006a8d0	13
client-main	1006ac60	FUN_1006ac60	283
client-main	1006ad80	FUN_1006ad80	13
client-main	1006ad90	FUN_1006ad90	65
client-main	1006ade0	FUN_1006ade0	91
client-main	1006b140	FUN_1006b140	966
client-main	1006b510	FUN_1006b510	25
client-main	1006b530	FUN_1006b530	365
client-main	1006b980	FUN_1006b980	1283
client-main	1006be90	FUN_1006be90	278
client-main	1006bfb0	FUN_1006bfb0	279
client-main	1006c130	FUN_1006c130	803
client-main	1006c460	FUN_1006c460	21
client-main	1006c480	FUN_1006c480	31
client-main	1006c4a0	FUN_1006c4a0	31
client-main	1006c560	FUN_1006c560	569
client-main	1006c7a0	FUN_1006c7a0	672
client-main	1006ca40	FUN_1006ca40	233
client-main	1006cb30	FUN_1006cb30	5206
client-main	1006dfd0	FUN_1006dfd0	517
client-main	1006e1e0	FUN_1006e1e0	238
client-main	1006e2d0	FUN_1006e2d0	109
client-main	1006eb10	FUN_1006eb10	226
client-main	1006ec00	FUN_1006ec00	109
client-main	1006ece0	FUN_1006ece0	71
client-main	1006ed30	FUN_1006ed30	45
client-main	1006ed60	FUN_1006ed60	11
client-main	1006ed70	FUN_1006ed70	13
client-main	1006ed80	FUN_1006ed80	122
client-main	1006ef40	FUN_1006ef40	279
client-main	1006f060	FUN_1006f060	124
client-main	1006f310	FUN_1006f310	797
client-main	1006f630	FUN_1006f630	324
client-main	1006f780	FUN_1006f780	58
client-main	1006fb50	FUN_1006fb50	632
client-main	1006fdd0	FUN_1006fdd0	1107
client-main	10070230	FUN_10070230	37
client-main	10070330	FUN_10070330	71
client-main	100708a0	FUN_100708a0	13
client-main	100708b0	FUN_100708b0	101
client-main	10070920	FUN_10070920	11
client-main	10070930	FUN_10070930	1741
client-main	10071000	FUN_10071000	50
client-main	10071040	FUN_10071040	925
client-main	100713e0	FUN_100713e0	387
client-main	10071d70	FUN_10071d70	88
client-main	10071df0	FUN_10071df0	44
client-main	10071e60	FUN_10071e60	1946
client-main	10072600	FUN_10072600	30
client-main	10072620	FUN_10072620	501
client-main	10072820	FUN_10072820	28
client-main	10072840	FUN_10072840	241
client-main	10072940	FUN_10072940	130
client-main	10072a50	FUN_10072a50	879
client-main	10072dc0	FUN_10072dc0	936
client-main	100737d0	FUN_100737d0	661
client-main	10073a70	FUN_10073a70	430
client-main	10073c20	FUN_10073c20	271
client-main	10073d30	FUN_10073d30	273
client-main	10073e50	FUN_10073e50	882
client-main	10074200	FUN_10074200	286
client-main	10074370	FUN_10074370	146
client-main	10074410	FUN_10074410	763
client-main	10074710	FUN_10074710	279
client-main	10074830	FUN_10074830	151
client-main	100748d0	FUN_100748d0	430
client-main	10074a80	FUN_10074a80	302
client-main	10074be0	FUN_10074be0	44
client-main	10074c10	FUN_10074c10	3184
client-main	10075880	FUN_10075880	30
client-main	100758a0	FUN_100758a0	533
client-main	10075ac0	FUN_10075ac0	939
client-main	10075e70	FUN_10075e70	239
client-main	10076190	FUN_10076190	717
client-main	10076460	FUN_10076460	294
client-main	10076590	FUN_10076590	37
client-main	100765c0	FUN_100765c0	538
client-main	100767e0	FUN_100767e0	1459
client-main	10076da0	FUN_10076da0	139
client-main	10076e30	FUN_10076e30	1001
client-main	10077220	FUN_10077220	35
client-main	10077250	FUN_10077250	125
client-main	100772d0	FUN_100772d0	112
client-main	10077670	FUN_10077670	145
client-main	10077710	FUN_10077710	362
client-main	10077880	FUN_10077880	236
client-main	10077970	FUN_10077970	592
client-main	10077bc0	FUN_10077bc0	591
client-main	10077e10	FUN_10077e10	1250
client-main	10078360	FUN_10078360	882
client-main	100786e0	FUN_100786e0	30
client-main	10078700	FUN_10078700	140
client-main	10078c50	FUN_10078c50	643
client-main	10078ee0	FUN_10078ee0	485
client-main	100790d0	FUN_100790d0	30
client-main	100790f0	FUN_100790f0	114
client-main	10079170	FUN_10079170	64
client-main	100791b0	FUN_100791b0	53
client-main	10079210	FUN_10079210	102
client-main	10079280	FUN_10079280	193
client-main	10079350	FUN_10079350	235
client-main	10079440	FUN_10079440	6855
client-main	1007af10	FUN_1007af10	30
client-main	1007af30	FUN_1007af30	818
client-main	1007b270	FUN_1007b270	152
client-main	1007b3c0	FUN_1007b3c0	348
client-main	1007b530	FUN_1007b530	3643
client-main	1007c370	FUN_1007c370	289
client-main	1007ce20	FUN_1007ce20	166
client-main	1007ced0	FUN_1007ced0	130
client-main	1007cf70	FUN_1007cf70	561
client-main	1007d1b0	FUN_1007d1b0	218
client-main	1007d290	FUN_1007d290	1841
client-main	1007d9d0	FUN_1007d9d0	30
client-main	1007d9f0	FUN_1007d9f0	252
client-main	1007daf0	FUN_1007daf0	748
client-main	1007ddf0	FUN_1007ddf0	106
client-main	1007de60	FUN_1007de60	813
client-main	1007e3b0	FUN_1007e3b0	72
client-main	1007e400	FUN_1007e400	385
client-main	1007e590	FUN_1007e590	30
client-main	1007e5b0	FUN_1007e5b0	11
client-main	1007e5c0	FUN_1007e5c0	754
client-main	1007e8d0	FUN_1007e8d0	352
client-main	1007ea30	FUN_1007ea30	30
client-main	1007ea50	FUN_1007ea50	11
client-main	1007ea60	FUN_1007ea60	576
client-main	1007eca0	FUN_1007eca0	890
client-main	1007f020	FUN_1007f020	30
client-main	1007f040	FUN_1007f040	182
client-main	1007f1d0	FUN_1007f1d0	1859
client-main	1007f920	FUN_1007f920	30
client-main	1007f940	FUN_1007f940	182
client-main	1007fa00	FUN_1007fa00	296
client-main	1007fc60	FUN_1007fc60	1452
client-main	100803d0	FUN_100803d0	552
client-main	10080640	FUN_10080640	193
client-main	100807a0	FUN_100807a0	339
client-main	10080900	FUN_10080900	307
client-main	10080cd0	FUN_10080cd0	100
client-main	10080d40	FUN_10080d40	403
client-main	10080ee0	FUN_10080ee0	37
client-main	10080f10	FUN_10080f10	121
client-main	10080f90	FUN_10080f90	1383
client-main	10081500	FUN_10081500	30
client-main	10081520	FUN_10081520	250
client-main	10081a20	FUN_10081a20	756
client-main	10081d20	FUN_10081d20	55
client-main	10081d60	FUN_10081d60	602
client-main	10081fc0	FUN_10081fc0	35
client-main	10081ff0	FUN_10081ff0	253
client-main	100820f0	FUN_100820f0	260
client-main	10082200	FUN_10082200	117
client-main	10082290	FUN_10082290	151
client-main	10082330	FUN_10082330	2218
client-main	10082be0	FUN_10082be0	30
client-main	10082c00	FUN_10082c00	443
client-main	100831f0	FUN_100831f0	86
client-main	100833d0	FUN_100833d0	2076
client-main	10083bf0	FUN_10083bf0	517
client-main	10084330	FUN_10084330	147
client-main	100843d0	FUN_100843d0	19
client-main	100843f0	FUN_100843f0	2568
client-main	10084e00	FUN_10084e00	30
client-main	10084e20	FUN_10084e20	446
client-main	10084fe0	FUN_10084fe0	193
client-main	10085590	FUN_10085590	306
client-main	100856d0	FUN_100856d0	165
client-main	10085780	FUN_10085780	153
client-main	10085820	FUN_10085820	244
client-main	10085a00	FUN_10085a00	1082
client-main	10085e40	FUN_10085e40	30
client-main	10085e60	FUN_10085e60	208
client-main	10085f30	FUN_10085f30	385
client-main	10086140	FUN_10086140	125
client-main	100861c0	FUN_100861c0	125
client-main	10086240	FUN_10086240	8795
client-main	100884a0	FUN_100884a0	30
client-main	100884c0	FUN_100884c0	1695
client-main	10089670	FUN_10089670	291
client-main	100897a0	FUN_100897a0	1994
client-main	10089f70	FUN_10089f70	254
client-main	1008a070	FUN_1008a070	652
client-main	1008a300	FUN_1008a300	918
client-main	1008a6a0	FUN_1008a6a0	26
client-main	1008a6c0	FUN_1008a6c0	122
client-main	1008a740	FUN_1008a740	137
client-main	1008a890	FUN_1008a890	264
client-main	1008a9a0	FUN_1008a9a0	103
client-main	1008aa10	FUN_1008aa10	43
client-main	1008aa40	FUN_1008aa40	173
client-main	1008ac60	FUN_1008ac60	33
client-main	1008ac90	FUN_1008ac90	58
client-main	1008acd0	FUN_1008acd0	48
client-main	1008ad00	FUN_1008ad00	24
client-main	1008ad20	FUN_1008ad20	9036
client-main	1008d070	FUN_1008d070	30
client-main	1008d090	FUN_1008d090	1794
client-main	1008e380	FUN_1008e380	291
client-main	1008e500	FUN_1008e500	560
client-main	1008e730	FUN_1008e730	788
client-main	1008ea50	FUN_1008ea50	486
client-main	1008ec40	FUN_1008ec40	590
client-main	1008ee90	FUN_1008ee90	122
client-main	1008ef10	FUN_1008ef10	103
client-main	1008f040	FUN_1008f040	429
client-main	1008f1f0	FUN_1008f1f0	173
client-main	1008f2a0	FUN_1008f2a0	26
client-main	1008f2c0	FUN_1008f2c0	918
client-main	1008f660	FUN_1008f660	30
client-main	1008f680	FUN_1008f680	182
client-main	1008f740	FUN_1008f740	66
client-main	1008f830	FUN_1008f830	263
client-main	1008f940	FUN_1008f940	119
client-main	1008f9c0	FUN_1008f9c0	3608
client-main	100907e0	FUN_100907e0	30
client-main	10090800	FUN_10090800	353
client-main	10090970	FUN_10090970	271
client-main	10090a80	FUN_10090a80	191
client-main	100917b0	FUN_100917b0	458
client-main	10091980	FUN_10091980	105
client-main	100919f0	FUN_100919f0	318
client-main	10091b50	FUN_10091b50	92
client-main	10091c40	FUN_10091c40	2048
client-main	10092440	FUN_10092440	30
client-main	10092460	FUN_10092460	352
client-main	10092620	FUN_10092620	128
client-main	100926a0	FUN_100926a0	468
client-main	10092880	FUN_10092880	1756
client-main	10092fc0	FUN_10092fc0	127
client-main	10093040	FUN_10093040	113
client-main	100930c0	FUN_100930c0	26
client-main	100930e0	FUN_100930e0	2505
client-main	10093ab0	FUN_10093ab0	30
client-main	10093ad0	FUN_10093ad0	484
client-main	10093f10	FUN_10093f10	1792
client-main	10094870	FUN_10094870	427
client-main	10094a20	FUN_10094a20	57
client-main	10094a60	FUN_10094a60	57
client-main	10094ad0	FUN_10094ad0	186
client-main	10094b90	FUN_10094b90	42
client-main	10094bba	FUN_10094bba	209
client-main	10094c90	FUN_10094c90	242
client-main	10094d90	FUN_10094d90	250
client-main	10094e90	FUN_10094e90	179
client-main	10094f50	FUN_10094f50	179
client-main	10095010	FUN_10095010	83
client-main	10095070	FUN_10095070	81
client-main	100950d0	FUN_100950d0	359
client-main	10095370	FUN_10095370	26
client-main	10095390	FUN_10095390	170
client-main	10095440	FUN_10095440	384
client-main	100955c0	FUN_100955c0	61
client-main	10095600	FUN_10095600	453
client-main	100957d0	FUN_100957d0	487
client-main	10095a20	FUN_10095a20	202
client-main	10095af0	FUN_10095af0	46
client-main	10095b20	FUN_10095b20	42
client-main	10095b50	FUN_10095b50	42
client-main	10095b80	FUN_10095b80	42
client-main	10095bb0	FUN_10095bb0	83
client-main	10095c10	FUN_10095c10	521
client-main	10095e20	FUN_10095e20	1392
client-main	10096390	FUN_10096390	30
client-main	100963b0	FUN_100963b0	218
client-main	10096490	FUN_10096490	19
client-main	100967a0	FUN_100967a0	1075
client-main	10096be0	FUN_10096be0	312
client-main	10096d20	FUN_10096d20	506
client-main	10096f20	FUN_10096f20	30
client-main	10096f40	FUN_10096f40	160
client-main	10096fe0	FUN_10096fe0	387
client-main	10097170	FUN_10097170	76
client-main	100971c0	FUN_100971c0	635
client-main	10097440	FUN_10097440	111
client-main	100974b0	FUN_100974b0	2732
client-main	10097f60	FUN_10097f60	30
client-main	10097f80	FUN_10097f80	432
client-main	10098610	FUN_10098610	423
client-main	100987c0	FUN_100987c0	72
client-main	10098810	FUN_10098810	539
client-main	10098a30	FUN_10098a30	243
client-main	10098b30	FUN_10098b30	31
client-main	10098b50	FUN_10098b50	2592
client-main	10099570	FUN_10099570	30
client-main	10099590	FUN_10099590	395
client-main	10099720	FUN_10099720	213
client-main	10099890	FUN_10099890	454
client-main	10099a60	FUN_10099a60	677
client-main	10099d10	FUN_10099d10	1185
client-main	1009a200	FUN_1009a200	5620
client-main	1009b830	FUN_1009b830	4521
client-main	1009c9e0	FUN_1009c9e0	30
client-main	1009ca00	FUN_1009ca00	494
client-main	1009cbf0	FUN_1009cbf0	299
client-main	1009cd20	FUN_1009cd20	490
client-main	1009cf10	FUN_1009cf10	175
client-main	1009cfc0	FUN_1009cfc0	58
client-main	1009d030	FUN_1009d030	320
client-main	1009d170	FUN_1009d170	2096
client-main	1009db60	FUN_1009db60	1216
client-main	1009e020	FUN_1009e020	140
client-main	1009e0b0	FUN_1009e0b0	1071
client-main	1009e6b0	FUN_1009e6b0	13
client-main	1009e6c0	FUN_1009e6c0	299
client-main	1009e7f0	FUN_1009e7f0	119
client-main	1009e870	FUN_1009e870	86
client-main	1009e8d0	FUN_1009e8d0	98
client-main	1009e990	FUN_1009e990	115
client-main	1009ea10	FUN_1009ea10	232
client-main	1009eb00	FUN_1009eb00	30
client-main	1009eb20	FUN_1009eb20	100
client-main	1009eb90	FUN_1009eb90	54
client-main	1009ebd0	FUN_1009ebd0	3
client-main	1009ebe0	FUN_1009ebe0	2411
client-main	1009f550	FUN_1009f550	30
client-main	1009f570	FUN_1009f570	480
client-main	1009f750	FUN_1009f750	291
client-main	1009fc60	FUN_1009fc60	103
client-main	1009fcd0	FUN_1009fcd0	293
client-main	1009fe00	FUN_1009fe00	593
client-main	100a0160	FUN_100a0160	46
client-main	100a0190	FUN_100a0190	18
client-main	100a01b0	FUN_100a01b0	435
client-main	100a0430	FUN_100a0430	220
client-main	100a0510	FUN_100a0510	196
client-main	100a0830	FUN_100a0830	40
client-main	100a0860	FUN_100a0860	40
client-main	100a0890	FUN_100a0890	18
client-main	100a08b0	FUN_100a08b0	189
client-main	100a0970	FUN_100a0970	660
client-main	100a0c10	FUN_100a0c10	30
client-main	100a0c30	FUN_100a0c30	140
client-main	100a0cc0	FUN_100a0cc0	64
client-main	100a0d00	FUN_100a0d00	249
client-main	100a0e80	FUN_100a0e80	270
client-main	100a0f90	FUN_100a0f90	73
client-main	100a0fe0	FUN_100a0fe0	5299
client-main	100a24a0	FUN_100a24a0	30
client-main	100a24c0	FUN_100a24c0	533
client-main	100a2720	FUN_100a2720	692
client-main	100a2c80	FUN_100a2c80	288
client-main	100a2da0	FUN_100a2da0	145
client-main	100a2e40	FUN_100a2e40	316
client-main	100a2f80	FUN_100a2f80	512
client-main	100a3180	FUN_100a3180	703
client-main	100a3440	FUN_100a3440	30
client-main	100a3460	FUN_100a3460	140
client-main	100a34f0	FUN_100a34f0	65
client-main	100a3580	FUN_100a3580	680
client-main	100a3850	FUN_100a3850	3925
client-main	100a47b0	FUN_100a47b0	30
client-main	100a47d0	FUN_100a47d0	619
client-main	100a4a40	FUN_100a4a40	185
client-main	100a4ba0	FUN_100a4ba0	5045
client-main	100a6050	FUN_100a6050	5185
client-main	100a74a0	FUN_100a74a0	70
client-main	100a74f0	FUN_100a74f0	100
client-main	100a7560	FUN_100a7560	52
client-main	100a75a0	FUN_100a75a0	24
client-main	100a75c0	FUN_100a75c0	3753
client-main	100a8470	FUN_100a8470	30
client-main	100a8490	FUN_100a8490	11
client-main	100a84a0	FUN_100a84a0	398
client-main	100a8710	FUN_100a8710	96
client-main	100a8770	FUN_100a8770	2030
client-main	100a8f60	FUN_100a8f60	231
client-main	100a9050	FUN_100a9050	31
client-main	100a9070	FUN_100a9070	1996
client-main	100a9840	FUN_100a9840	30
client-main	100a9860	FUN_100a9860	276
client-main	100a9980	FUN_100a9980	1106
client-main	100a9e70	FUN_100a9e70	134
client-main	100a9f00	FUN_100a9f00	200
client-main	100a9fd0	FUN_100a9fd0	262
client-main	100aa0e0	FUN_100aa0e0	153
client-main	100aa180	FUN_100aa180	136
client-main	100aa210	FUN_100aa210	428
client-main	100aa3c0	FUN_100aa3c0	30
client-main	100aa3e0	FUN_100aa3e0	11
client-main	100aa4a0	FUN_100aa4a0	7669
client-main	100ac2a0	FUN_100ac2a0	30
client-main	100ac2c0	FUN_100ac2c0	783
client-main	100ac5d0	FUN_100ac5d0	23
client-main	100ac6a0	FUN_100ac6a0	6433
client-main	100adfd0	FUN_100adfd0	49
client-main	100ae010	FUN_100ae010	162
client-main	100ae0c0	FUN_100ae0c0	2616
client-main	100aeb00	FUN_100aeb00	30
client-main	100aeb20	FUN_100aeb20	308
client-main	100aec60	FUN_100aec60	195
client-main	100aed50	FUN_100aed50	2727
client-main	100af800	FUN_100af800	25
client-main	100af820	FUN_100af820	3545
client-main	100b0600	FUN_100b0600	30
client-main	100b0620	FUN_100b0620	514
client-main	100b0830	FUN_100b0830	56
client-main	100b0870	FUN_100b0870	73
client-main	100b0a80	FUN_100b0a80	233
client-main	100b0b70	FUN_100b0b70	189
client-main	100b0c30	FUN_100b0c30	100
client-main	100b0ca0	FUN_100b0ca0	419
client-main	100b0e50	FUN_100b0e50	88
client-main	100b0eb0	FUN_100b0eb0	46
client-main	100b0ee0	FUN_100b0ee0	381
client-main	100b1060	FUN_100b1060	830
client-main	100b13a0	FUN_100b13a0	658
client-main	100b1640	FUN_100b1640	30
client-main	100b1660	FUN_100b1660	131
client-main	100b1bc0	FUN_100b1bc0	119
client-main	100b1c40	FUN_100b1c40	228
client-main	100b1d30	FUN_100b1d30	3559
client-main	100b2b20	FUN_100b2b20	30
client-main	100b2b40	FUN_100b2b40	550
client-main	100b2d70	FUN_100b2d70	92
client-main	100b2dd0	FUN_100b2dd0	113
client-main	100b2e50	FUN_100b2e50	513
client-main	100b3100	FUN_100b3100	639
client-main	100b3380	FUN_100b3380	603
client-main	100b35e0	FUN_100b35e0	1140
client-main	100b3a60	FUN_100b3a60	30
client-main	100b3a80	FUN_100b3a80	227
client-main	100b3b70	FUN_100b3b70	28
client-main	100b3bf0	FUN_100b3bf0	253
client-main	100b3d20	FUN_100b3d20	135
client-main	100b3db0	FUN_100b3db0	1952
client-main	100b4550	FUN_100b4550	30
client-main	100b4570	FUN_100b4570	290
client-main	100b5050	FUN_100b5050	168
client-main	100b5100	FUN_100b5100	485
client-main	100b52f0	FUN_100b52f0	360
client-main	100b5460	FUN_100b5460	30
client-main	100b5480	FUN_100b5480	148
client-main	100b5520	FUN_100b5520	443
client-main	100b5730	FUN_100b5730	133
client-main	100b57c0	FUN_100b57c0	1964
client-main	100b5f70	FUN_100b5f70	30
client-main	100b5f90	FUN_100b5f90	302
client-main	100b60c0	FUN_100b60c0	213
client-main	100b61a0	FUN_100b61a0	117
client-main	100b6220	FUN_100b6220	449
client-main	100b6560	FUN_100b6560	358
client-main	100b68a0	FUN_100b68a0	2370
client-main	100b71f0	FUN_100b71f0	30
client-main	100b7210	FUN_100b7210	438
client-main	100b7800	FUN_100b7800	455
client-main	100b79f0	FUN_100b79f0	165
client-main	100b7aa0	FUN_100b7aa0	30
client-main	100b7ac0	FUN_100b7ac0	59
client-main	100b7b00	FUN_100b7b00	99
client-main	100b7b70	FUN_100b7b70	39
client-main	100b7ba0	FUN_100b7ba0	29
client-main	100b7bc0	FUN_100b7bc0	234
client-main	100b7cb0	FUN_100b7cb0	47
client-main	100b7ce0	FUN_100b7ce0	11
client-main	100b8380	FUN_100b8380	37
client-main	100b83b0	FUN_100b83b0	189
client-main	100b8470	FUN_100b8470	1809
client-main	100b8b90	FUN_100b8b90	30
client-main	100b8bb0	FUN_100b8bb0	307
client-main	100b8cf0	FUN_100b8cf0	1373
client-main	100b9380	FUN_100b9380	4956
client-main	100ba6e0	FUN_100ba6e0	30
client-main	100ba700	FUN_100ba700	785
client-main	100baaa0	FUN_100baaa0	200
client-main	100bab70	FUN_100bab70	201
client-main	100bbc10	FUN_100bbc10	1267
client-main	100bc110	FUN_100bc110	980
client-main	100bc4f0	FUN_100bc4f0	310
client-main	100bc630	FUN_100bc630	326
client-main	100bc780	FUN_100bc780	33
client-main	100bc7b0	FUN_100bc7b0	1014
client-main	100bcbb0	FUN_100bcbb0	103
client-main	100bcc20	FUN_100bcc20	26
client-main	100bcc40	FUN_100bcc40	26
client-main	100bcc60	FUN_100bcc60	68
client-main	100bccb0	FUN_100bccb0	509
client-main	100bceb0	FUN_100bceb0	594
client-main	100bd110	FUN_100bd110	119
client-main	100bd190	FUN_100bd190	286
client-main	100bd2b0	FUN_100bd2b0	71
client-main	100bd300	FUN_100bd300	310
client-main	100bd450	FUN_100bd450	165
client-main	100bd500	FUN_100bd500	1531
client-main	100bdb00	FUN_100bdb00	126
client-main	100bdb80	FUN_100bdb80	858
client-main	100bdee0	FUN_100bdee0	30
client-main	100bdf00	FUN_100bdf00	178
client-main	100bdfc0	FUN_100bdfc0	126
client-main	100be040	FUN_100be040	19
client-main	100be060	FUN_100be060	1667
client-main	100be6f0	FUN_100be6f0	30
client-main	100be710	FUN_100be710	246
client-main	100be810	FUN_100be810	275
client-main	100be930	FUN_100be930	319
client-main	100bea70	FUN_100bea70	110
client-main	100bec20	FUN_100bec20	13
client-main	100bec30	FUN_100bec30	22
client-main	100bec50	FUN_100bec50	18
client-main	100bec70	FUN_100bec70	22
client-main	100bec90	FUN_100bec90	687
client-main	100bef40	FUN_100bef40	30
client-main	100bef60	FUN_100bef60	150
client-main	100bf000	FUN_100bf000	289
client-main	100bf130	FUN_100bf130	339
client-main	100bf290	FUN_100bf290	23
client-main	100bf2b0	FUN_100bf2b0	170
client-main	100bf580	FUN_100bf580	111
client-main	100bf5f0	FUN_100bf5f0	76
client-main	100bf640	FUN_100bf640	210
client-main	100bf720	FUN_100bf720	1792
client-main	100bfe20	FUN_100bfe20	30
client-main	100bfe40	FUN_100bfe40	11
client-main	100bfe50	FUN_100bfe50	62
client-main	100bfec0	FUN_100bfec0	919
client-main	100c0410	FUN_100c0410	189
client-main	100c0500	FUN_100c0500	638
client-main	100c0780	FUN_100c0780	163
client-main	100c0830	FUN_100c0830	181
client-main	100c08f0	FUN_100c08f0	1928
client-main	100c1080	FUN_100c1080	30
client-main	100c10a0	FUN_100c10a0	317
client-main	100c11e0	FUN_100c11e0	475
client-main	100c13c0	FUN_100c13c0	70
client-main	100c17d0	FUN_100c17d0	139
client-main	100c1860	FUN_100c1860	1219
client-main	100c1d50	FUN_100c1d50	463
client-main	100c1f20	FUN_100c1f20	741
client-main	100c2220	FUN_100c2220	740
client-main	100c2530	FUN_100c2530	592
client-main	100c2780	FUN_100c2780	456
client-main	100c2950	FUN_100c2950	1888
client-main	100c30e0	FUN_100c30e0	464
client-main	100c32c0	FUN_100c32c0	1100
client-main	100c3710	FUN_100c3710	30
client-main	100c3730	FUN_100c3730	186
client-main	100c37f0	FUN_100c37f0	141
client-main	100c3930	FUN_100c3930	74
client-main	100c3980	FUN_100c3980	909
client-main	100c3d10	FUN_100c3d10	30
client-main	100c3d30	FUN_100c3d30	182
client-main	100c3eb0	FUN_100c3eb0	3617
client-main	100c4ce0	FUN_100c4ce0	30
client-main	100c4d00	FUN_100c4d00	521
client-main	100c52a0	FUN_100c52a0	27
client-main	100c52c0	FUN_100c52c0	182
client-main	100c5380	FUN_100c5380	44
client-main	100c53b0	FUN_100c53b0	3
client-main	100c5900	FUN_100c5900	740
client-main	100c5bf0	FUN_100c5bf0	208
client-main	100c5cc0	FUN_100c5cc0	113
client-main	100c5d40	FUN_100c5d40	68
client-main	100c5d90	FUN_100c5d90	100
client-main	100c5e00	FUN_100c5e00	16
client-main	100c5e10	FUN_100c5e10	15
client-main	100c5e20	FUN_100c5e20	289
client-main	100c5f50	FUN_100c5f50	96
client-main	100c5fb0	FUN_100c5fb0	857
client-main	100c6310	FUN_100c6310	30
client-main	100c6330	FUN_100c6330	206
client-main	100c6400	FUN_100c6400	340
client-main	100c6560	FUN_100c6560	43
client-main	100c6590	FUN_100c6590	1693
client-main	100c6c30	FUN_100c6c30	30
client-main	100c6c50	FUN_100c6c50	338
client-main	100c6db0	FUN_100c6db0	246
client-main	100c6ed0	FUN_100c6ed0	347
client-main	100c7070	FUN_100c7070	209
client-main	100c7150	FUN_100c7150	171
client-main	100c7270	FUN_100c7270	17
client-main	100c72f0	FUN_100c72f0	1896
client-main	100c7a60	FUN_100c7a60	30
client-main	100c7a80	FUN_100c7a80	258
client-main	100c8080	FUN_100c8080	210
client-main	100c8160	FUN_100c8160	506
client-main	100c8360	FUN_100c8360	150
client-main	100c8400	FUN_100c8400	150
client-main	100c84a0	FUN_100c84a0	182
client-main	100c8560	FUN_100c8560	1372
client-main	100c8ac0	FUN_100c8ac0	30
client-main	100c8ae0	FUN_100c8ae0	324
client-main	100c8c30	FUN_100c8c30	438
client-main	100c8e60	FUN_100c8e60	254
client-main	100c9350	FUN_100c9350	267
client-main	100c9460	FUN_100c9460	241
client-main	100c9560	FUN_100c9560	1313
client-main	100c9a90	FUN_100c9a90	30
client-main	100c9ab0	FUN_100c9ab0	192
client-main	100c9b70	FUN_100c9b70	59
client-main	100c9bc0	FUN_100c9bc0	328
client-main	100c9e40	FUN_100c9e40	387
client-main	100c9fd0	FUN_100c9fd0	9595
client-main	100cc550	FUN_100cc550	30
client-main	100cc570	FUN_100cc570	1165
client-main	100cd0b0	FUN_100cd0b0	1687
client-main	100ce6d0	FUN_100ce6d0	110
client-main	100cebf0	FUN_100cebf0	596
client-main	100cee50	FUN_100cee50	276
client-main	100cef70	FUN_100cef70	413
client-main	100cf110	FUN_100cf110	38
client-main	100cf140	FUN_100cf140	312
client-main	100cf280	FUN_100cf280	767
client-main	100cf580	FUN_100cf580	30
client-main	100cf5a0	FUN_100cf5a0	122
client-main	100cf620	FUN_100cf620	162
client-main	100cf780	FUN_100cf780	129
client-main	100cf810	FUN_100cf810	84
client-main	100cf870	FUN_100cf870	473
client-main	100cfa50	FUN_100cfa50	190
client-main	100cfb20	FUN_100cfb20	1011
client-main	100cff20	FUN_100cff20	30
client-main	100cff40	FUN_100cff40	198
client-main	100d0060	FUN_100d0060	38
client-main	100d0110	FUN_100d0110	259
client-main	100d0220	FUN_100d0220	168
client-main	100d02d0	FUN_100d02d0	415
client-main	100d0470	FUN_100d0470	30
client-main	100d0490	FUN_100d0490	130
client-main	100d05b0	FUN_100d05b0	60
client-main	100d05f0	FUN_100d05f0	21
client-main	100d0630	FUN_100d0630	4311
client-main	100d1710	FUN_100d1710	30
client-main	100d1730	FUN_100d1730	456
client-main	100d1900	FUN_100d1900	219
client-main	100d19e0	FUN_100d19e0	138
client-main	100d25c0	FUN_100d25c0	2019
client-main	100d2e60	FUN_100d2e60	2034
client-main	100d3660	FUN_100d3660	46
client-main	100d3690	FUN_100d3690	254
client-main	100d37e0	FUN_100d37e0	1738
client-main	100d3eb0	FUN_100d3eb0	30
client-main	100d3ed0	FUN_100d3ed0	114
client-main	100d3f50	FUN_100d3f50	1126
client-main	100d43d0	FUN_100d43d0	1422
client-main	100d4960	FUN_100d4960	30
client-main	100d4980	FUN_100d4980	250
client-main	100d4a80	FUN_100d4a80	40
client-main	100d4d20	FUN_100d4d20	203
client-main	100d4df0	FUN_100d4df0	110
client-main	100d4e60	FUN_100d4e60	1378
client-main	100d53d0	FUN_100d53d0	30
client-main	100d53f0	FUN_100d53f0	258
client-main	100d5690	FUN_100d5690	1020
client-main	100d5a90	FUN_100d5a90	530
client-main	100d5e40	FUN_100d5e40	358
client-main	100d5fb0	FUN_100d5fb0	378
client-main	100d6160	FUN_100d6160	1701
client-main	100d6810	FUN_100d6810	30
client-main	100d6830	FUN_100d6830	138
client-main	100d68c0	FUN_100d68c0	272
client-main	100d6a80	FUN_100d6a80	11
client-main	100d6a90	FUN_100d6a90	11
client-main	100d6aa0	FUN_100d6aa0	7563
client-main	100d8830	FUN_100d8830	30
client-main	100d8850	FUN_100d8850	1045
client-main	100d8c90	FUN_100d8c90	856
client-main	100d8ff0	FUN_100d8ff0	281
client-main	100d9110	FUN_100d9110	98
client-main	100d9180	FUN_100d9180	45
client-main	100d91b0	FUN_100d91b0	71
client-main	100d9200	FUN_100d9200	740
client-main	100d94f0	FUN_100d94f0	309
client-main	100d9630	FUN_100d9630	103
client-main	100d9b60	FUN_100d9b60	481
client-main	100d9d50	FUN_100d9d50	1434
client-main	100da2f0	FUN_100da2f0	330
client-main	100da440	FUN_100da440	3286
client-main	100db140	FUN_100db140	583
client-main	100db390	FUN_100db390	654
client-main	100db620	FUN_100db620	178
client-main	100db6e0	FUN_100db6e0	178
client-main	100db7a0	FUN_100db7a0	232
client-main	100db890	FUN_100db890	235
client-main	100db980	FUN_100db980	349
client-main	100dbae0	FUN_100dbae0	341
client-main	100dbc40	FUN_100dbc40	324
client-main	100dbd90	FUN_100dbd90	321
client-main	100dbee0	FUN_100dbee0	1726
client-main	100dc5a0	FUN_100dc5a0	30
client-main	100dc5c0	FUN_100dc5c0	230
client-main	100dc6b0	FUN_100dc6b0	647
client-main	100dcae0	FUN_100dcae0	148
client-main	100dcb80	FUN_100dcb80	111
client-main	100dcbf0	FUN_100dcbf0	507
client-main	100dcdf0	FUN_100dcdf0	1229
client-main	100dd2c0	FUN_100dd2c0	30
client-main	100dd2e0	FUN_100dd2e0	226
client-main	100dd3d0	FUN_100dd3d0	89
client-main	100dd430	FUN_100dd430	98
client-main	100dd4a0	FUN_100dd4a0	97
client-main	100dd510	FUN_100dd510	92
client-main	100dd570	FUN_100dd570	130
client-main	100dd600	FUN_100dd600	205
client-main	100dd8b0	FUN_100dd8b0	274
client-main	100dd9d0	FUN_100dd9d0	200
client-main	100ddaa0	FUN_100ddaa0	97
client-main	100ddb90	FUN_100ddb90	908
client-main	100ddf20	FUN_100ddf20	1795
client-main	100de630	FUN_100de630	30
client-main	100de650	FUN_100de650	317
client-main	100de9c0	FUN_100de9c0	229
client-main	100deab0	FUN_100deab0	94
client-main	100deb10	FUN_100deb10	94
client-main	100deb70	FUN_100deb70	122
client-main	100debf0	FUN_100debf0	94
client-main	100dec50	FUN_100dec50	113
client-main	100decd0	FUN_100decd0	94
client-main	100dee80	FUN_100dee80	31
client-main	100deea0	FUN_100deea0	325
client-main	100deff0	FUN_100deff0	106
client-main	100df760	FUN_100df760	5374
client-main	100e0c60	FUN_100e0c60	30
client-main	100e0c80	FUN_100e0c80	923
client-main	100e1020	FUN_100e1020	1675
client-main	100e16b0	FUN_100e16b0	529
client-main	100e18d0	FUN_100e18d0	194
client-main	100e19a0	FUN_100e19a0	140
client-main	100e1b90	FUN_100e1b90	311
client-main	100e1cd0	FUN_100e1cd0	1072
client-main	100e2100	FUN_100e2100	30
client-main	100e2120	FUN_100e2120	154
client-main	100e22b0	FUN_100e22b0	97
client-main	100e2320	FUN_100e2320	46
client-main	100e2350	FUN_100e2350	162
client-main	100e2400	FUN_100e2400	52
client-main	100e2440	FUN_100e2440	30
client-main	100e2460	FUN_100e2460	11
client-main	100e2470	FUN_100e2470	396
client-main	100e2600	FUN_100e2600	504
client-main	100e2800	FUN_100e2800	140
client-main	100e2890	`scalar_deleting_destructor'	47
client-main	100e28c0	FUN_100e28c0	21
client-main	100e28e0	FUN_100e28e0	82
client-main	100e2940	FUN_100e2940	1382
client-main	100e2eb0	FUN_100e2eb0	30
client-main	100e2ed0	FUN_100e2ed0	294
client-main	100e3000	FUN_100e3000	54
client-main	100e3040	FUN_100e3040	256
client-main	100e3140	FUN_100e3140	328
client-main	100e3290	FUN_100e3290	463
client-main	100e3460	FUN_100e3460	308
client-main	100e35a0	FUN_100e35a0	27
client-main	100e35c0	FUN_100e35c0	2293
client-main	100e3ec0	FUN_100e3ec0	30
client-main	100e3ee0	FUN_100e3ee0	316
client-main	100e4020	FUN_100e4020	102
client-main	100e4090	FUN_100e4090	1257
client-main	100e4580	FUN_100e4580	337
client-main	100e4700	FUN_100e4700	1054
client-main	100e4b20	FUN_100e4b20	30
client-main	100e4b40	FUN_100e4b40	184
client-main	100e4c00	FUN_100e4c00	8192
client-main	100e6c00	FUN_100e6c00	818
client-main	100e6f40	FUN_100e6f40	299
client-main	100e7390	FUN_100e7390	1078
client-main	100e77d0	FUN_100e77d0	148
client-main	100e7870	FUN_100e7870	33
client-main	100e78a0	FUN_100e78a0	7931
client-main	100e97a0	FUN_100e97a0	30
client-main	100e97c0	FUN_100e97c0	962
client-main	100e9b90	FUN_100e9b90	477
client-main	100e9d70	FUN_100e9d70	1527
client-main	100ea370	FUN_100ea370	109
client-main	100eb1c0	FUN_100eb1c0	389
client-main	100eb350	FUN_100eb350	179
client-main	100eb410	FUN_100eb410	82
client-main	100eb470	FUN_100eb470	214
client-main	100eb550	FUN_100eb550	862
client-main	100eb920	FUN_100eb920	2523
client-main	100ec3b0	FUN_100ec3b0	371
client-main	100ec530	FUN_100ec530	1826
client-main	100ecc60	FUN_100ecc60	1177
client-main	100ed180	FUN_100ed180	68
client-main	100ed1d0	FUN_100ed1d0	446
client-main	100ed390	FUN_100ed390	342
client-main	100ed4f0	FUN_100ed4f0	1330
client-main	100eda40	FUN_100eda40	364
client-main	100edbb0	FUN_100edbb0	188
client-main	100edc70	FUN_100edc70	135
client-main	100edd00	FUN_100edd00	422
client-main	100edeb0	FUN_100edeb0	291
client-main	100edfe0	FUN_100edfe0	13
client-main	100edff0	FUN_100edff0	280
client-main	100ee110	FUN_100ee110	97
client-main	100ee1a0	FUN_100ee1a0	341
client-main	100ee300	FUN_100ee300	97
client-main	100ee370	FUN_100ee370	524
client-main	100ee5c0	FUN_100ee5c0	7
client-main	100ee5d0	FUN_100ee5d0	7
client-main	100ee5e0	FUN_100ee5e0	427
client-main	100ee790	FUN_100ee790	300
client-main	100ee8e0	FUN_100ee8e0	251
client-main	100ee9e0	FUN_100ee9e0	97
client-main	100eea50	FUN_100eea50	141
client-main	100eeae0	FUN_100eeae0	143
client-main	100eeea0	FUN_100eeea0	712
client-main	100ef170	FUN_100ef170	198
client-main	100ef2f0	FUN_100ef2f0	75
client-main	100ef340	FUN_100ef340	37
client-main	100ef370	FUN_100ef370	346
client-main	100ef4d0	FUN_100ef4d0	136
client-main	100ef560	FUN_100ef560	540
client-main	100ef780	FUN_100ef780	64
client-main	100ef7c0	FUN_100ef7c0	30
client-main	100f0370	FUN_100f0370	1309
client-main	100f0890	FUN_100f0890	24
client-main	100f08b0	FUN_100f08b0	121
client-main	100f0930	FUN_100f0930	236
client-main	100f0a20	FUN_100f0a20	612
client-main	100f0c90	FUN_100f0c90	271
client-main	100f0da0	FUN_100f0da0	84
client-main	100f0e00	FUN_100f0e00	511
client-main	100f1000	FUN_100f1000	26
client-main	100f1090	FUN_100f1090	136
client-main	100f1120	FUN_100f1120	241
client-main	100f1220	FUN_100f1220	109
client-main	100f1290	FUN_100f1290	45
client-main	100f1310	FUN_100f1310	74
client-main	100f1360	FUN_100f1360	60
client-main	100f13a0	FUN_100f13a0	70
client-main	100f13f0	FUN_100f13f0	40
client-main	100f1520	FUN_100f1520	777
client-main	100f1830	FUN_100f1830	431
client-main	100f19e0	FUN_100f19e0	40
client-main	100f1a10	FUN_100f1a10	155
client-main	100f1ab0	FUN_100f1ab0	125
client-main	100f1b30	FUN_100f1b30	44
client-main	100f1b60	FUN_100f1b60	44
client-main	100f1b90	FUN_100f1b90	26
client-main	100f1bb0	FUN_100f1bb0	540
client-main	100f1dd0	FUN_100f1dd0	15
client-main	100f1de0	FUN_100f1de0	88
client-main	100f1e40	FUN_100f1e40	81
client-main	100f1ea0	FUN_100f1ea0	1484
client-main	100f2470	FUN_100f2470	1410
client-main	100f2a00	FUN_100f2a00	2286
client-main	100f33a0	FUN_100f33a0	167
client-main	100f3450	FUN_100f3450	74
client-main	100f34a0	FUN_100f34a0	375
client-main	100f3620	FUN_100f3620	30
client-main	100f3640	FUN_100f3640	207
client-main	100f3710	FUN_100f3710	151
client-main	100f37b0	FUN_100f37b0	157
client-main	100f3850	FUN_100f3850	349
client-main	100f39b0	FUN_100f39b0	340
client-main	100f3b10	FUN_100f3b10	510
client-main	100f3d10	FUN_100f3d10	503
client-main	100f3f10	FUN_100f3f10	46
client-main	100f3f40	FUN_100f3f40	156
client-main	100f4000	FUN_100f4000	44
client-main	100f4030	FUN_100f4030	44
client-main	100f4060	FUN_100f4060	72
client-main	100f40b0	FUN_100f40b0	30
client-main	100f40d0	FUN_100f40d0	11
client-main	100f40e0	FUN_100f40e0	349
client-main	100f4240	FUN_100f4240	15
client-main	100f4250	FUN_100f4250	121
client-main	100f42d0	FUN_100f42d0	30
client-main	100f42f0	FUN_100f42f0	11
client-main	100f4300	FUN_100f4300	175
client-main	100f43b0	FUN_100f43b0	4972
client-main	100f5720	FUN_100f5720	30
client-main	100f5740	FUN_100f5740	689
client-main	100f5c90	FUN_100f5c90	467
client-main	100f5e70	FUN_100f5e70	1896
client-main	100f6f10	FUN_100f6f10	3947
client-main	100f7e80	FUN_100f7e80	30
client-main	100f7ea0	FUN_100f7ea0	550
client-main	100f83a0	FUN_100f83a0	235
client-main	100f8490	FUN_100f8490	591
client-main	100f86e0	FUN_100f86e0	416
client-main	100f8950	FUN_100f8950	1178
client-main	100f8df0	FUN_100f8df0	1016
client-main	100f9200	FUN_100f9200	731
client-main	100f94e0	FUN_100f94e0	566
client-main	100f9720	FUN_100f9720	684
client-main	100f99f0	FUN_100f99f0	431
client-main	100f9ba0	FUN_100f9ba0	480
client-main	100f9d80	FUN_100f9d80	541
client-main	100f9fa0	FUN_100f9fa0	586
client-main	100fa1f0	FUN_100fa1f0	24
client-main	100fa210	FUN_100fa210	63
client-main	100fa250	FUN_100fa250	1327
client-main	100fa780	FUN_100fa780	30
client-main	100fa7a0	FUN_100fa7a0	122
client-main	100fa820	FUN_100fa820	703
client-main	100fab50	FUN_100fab50	8
client-main	100fabc0	FUN_100fabc0	30
client-main	100fabe0	FUN_100fabe0	18
client-main	100fac00	FUN_100fac00	77
client-main	100fac50	FUN_100fac50	115
client-main	100facd0	FUN_100facd0	36
client-main	100fad00	FUN_100fad00	37
client-main	100fad30	FUN_100fad30	433
client-main	100faef0	FUN_100faef0	33
client-main	100faf20	FUN_100faf20	288
client-main	100fb040	FUN_100fb040	156
client-main	100fb0e0	FUN_100fb0e0	80
client-main	100fb130	FUN_100fb130	168
client-main	100fb1e0	FUN_100fb1e0	134
client-main	100fb270	FUN_100fb270	99
client-main	100fb2e0	FUN_100fb2e0	34
client-main	100fb340	FUN_100fb340	29
client-main	100fb360	FUN_100fb360	199
client-main	100fb430	FUN_100fb430	30
client-main	100fb450	FUN_100fb450	11
client-main	100fb460	FUN_100fb460	145
client-main	100fb500	FUN_100fb500	927
client-main	100fb8a0	FUN_100fb8a0	30
client-main	100fb8c0	FUN_100fb8c0	126
client-main	100fb940	FUN_100fb940	202
client-main	100fc720	FUN_100fc720	35
client-main	100fca90	FUN_100fca90	316
client-main	100fcbd0	FUN_100fcbd0	30
client-main	100fcbf0	FUN_100fcbf0	162
client-main	100fcca0	FUN_100fcca0	1060
client-main	100fd890	FUN_100fd890	149
client-main	100fd930	FUN_100fd930	30
client-main	100fd950	FUN_100fd950	11
client-main	100fd960	FUN_100fd960	169
client-main	100fda10	FUN_100fda10	47
client-main	100fda40	FUN_100fda40	30
client-main	100fda60	FUN_100fda60	11
client-main	100fe770	FUN_100fe770	11
client-main	100fe8a0	FUN_100fe8a0	11
client-main	100fe8b0	FUN_100fe8b0	185
client-main	100fe970	FUN_100fe970	56
client-main	100fe9b0	FUN_100fe9b0	149
client-main	100fea50	FUN_100fea50	311
client-main	100feb90	FUN_100feb90	316
client-main	100fecd0	FUN_100fecd0	128
client-main	100fed50	FUN_100fed50	97
client-main	100fedc0	FUN_100fedc0	97
client-main	100fee30	FUN_100fee30	73
client-main	100fee80	FUN_100fee80	58
client-main	100feec0	FUN_100feec0	58
client-main	100fef00	FUN_100fef00	146
client-main	100fefa0	FUN_100fefa0	190
client-main	100ff060	FUN_100ff060	78
client-main	100ff0b0	FUN_100ff0b0	102
client-main	100ff120	FUN_100ff120	53
client-main	100ff160	FUN_100ff160	53
client-main	100ff1a0	FUN_100ff1a0	228
client-main	100ff290	FUN_100ff290	160
client-main	100ff330	FUN_100ff330	30
client-main	100ff350	FUN_100ff350	126
client-main	100ff3d0	FUN_100ff3d0	245
client-main	100ff4d0	FUN_100ff4d0	81
client-main	100ff530	FUN_100ff530	82
client-main	100ff720	FUN_100ff720	18
client-main	100ff740	FUN_100ff740	73
client-main	100ff790	FUN_100ff790	74
client-main	100ff7e0	FUN_100ff7e0	172
client-main	100ff890	FUN_100ff890	111
client-main	100ff900	FUN_100ff900	30
client-main	100ff920	FUN_100ff920	11
client-main	100ff930	FUN_100ff930	124
client-main	100ff9b0	FUN_100ff9b0	57
client-main	100ff9f0	FUN_100ff9f0	21
client-main	100ffa10	FUN_100ffa10	174
client-main	100ffac0	FUN_100ffac0	152
client-main	100ffb60	FUN_100ffb60	30
client-main	100ffb80	FUN_100ffb80	178
client-main	100ffc40	FUN_100ffc40	10934
client-main	10102780	`scalar_deleting_destructor'	47
client-main	101027d0	FUN_101027d0	11
client-main	101029b0	FUN_101029b0	32
client-main	101029d0	FUN_101029d0	30
client-main	101029f0	FUN_101029f0	31
client-main	10102c10	FUN_10102c10	11
client-main	10102c40	FUN_10102c40	562
client-main	10102e80	FUN_10102e80	30
client-main	10102ea0	FUN_10102ea0	11
client-main	10102eb0	FUN_10102eb0	431
client-main	10103060	FUN_10103060	146
client-main	10103100	FUN_10103100	30
client-main	10103120	FUN_10103120	11
client-main	10103130	FUN_10103130	328
client-main	101033d0	FUN_101033d0	126
client-main	10103450	FUN_10103450	132
client-main	101034e0	FUN_101034e0	105
client-main	10103560	FUN_10103560	47
client-main	10103590	FUN_10103590	30
client-main	101035b0	FUN_101035b0	104
client-main	10103620	FUN_10103620	132
client-main	101036b0	FUN_101036b0	407
client-main	10103860	FUN_10103860	129
client-main	10103970	FUN_10103970	60
client-main	10103a50	FUN_10103a50	247
client-main	10103b50	FUN_10103b50	43
client-main	10103b80	FUN_10103b80	139
client-main	10103c10	FUN_10103c10	30
client-main	10103c30	FUN_10103c30	118
client-main	10103cb0	FUN_10103cb0	244
client-main	10103db0	FUN_10103db0	38
client-main	10103de0	FUN_10103de0	34
client-main	10103e10	FUN_10103e10	39
client-main	10103e40	FUN_10103e40	31
client-main	10103e60	FUN_10103e60	36
client-main	10103e90	FUN_10103e90	31
client-main	10103eb0	FUN_10103eb0	193
client-main	10103f80	FUN_10103f80	174
client-main	10104030	FUN_10104030	96
client-main	10104090	FUN_10104090	37
client-main	101040c0	FUN_101040c0	35
client-main	101040f0	FUN_101040f0	35
client-main	10104380	FUN_10104380	184
client-main	10104530	FUN_10104530	65
client-main	10104580	FUN_10104580	34
client-main	101045b0	FUN_101045b0	111
client-main	10104620	FUN_10104620	90
client-main	10104680	FUN_10104680	132
client-main	10104710	FUN_10104710	61
client-main	10104750	FUN_10104750	54
client-main	10104790	FUN_10104790	49
client-main	101047f0	FUN_101047f0	69
client-main	10104840	FUN_10104840	30
client-main	10104860	FUN_10104860	11
client-main	10104a80	FUN_10104a80	117
client-main	10104b00	FUN_10104b00	30
client-main	10104b20	FUN_10104b20	196
client-main	10104c90	FUN_10104c90	98
client-main	10104dd0	FUN_10104dd0	202
client-main	10104ea0	FUN_10104ea0	167
client-main	10104f50	FUN_10104f50	331
client-main	101050a0	FUN_101050a0	30
client-main	101050c0	FUN_101050c0	129
client-main	10105bd0	FUN_10105bd0	35
client-main	10105c00	FUN_10105c00	32
client-main	10105c40	FUN_10105c40	159
client-main	10105ce0	FUN_10105ce0	255
client-main	10105de0	FUN_10105de0	30
client-main	10105e00	FUN_10105e00	137
client-main	101061e0	FUN_101061e0	85
client-main	10106240	FUN_10106240	299
client-main	10106440	FUN_10106440	30
client-main	10106460	FUN_10106460	30
client-main	10106480	FUN_10106480	481
client-main	10106670	FUN_10106670	25
client-main	10106690	FUN_10106690	36
client-main	101066c0	FUN_101066c0	94
client-main	10106720	FUN_10106720	30
client-main	10106740	FUN_10106740	132
client-main	10106f80	FUN_10106f80	281
client-main	101070a0	FUN_101070a0	332
client-main	101071f0	FUN_101071f0	320
client-main	10107330	FUN_10107330	318
client-main	10107470	FUN_10107470	217
client-main	10107550	FUN_10107550	30
client-main	10107570	FUN_10107570	30
client-main	10107590	FUN_10107590	313
client-main	101076d0	FUN_101076d0	30
client-main	101076f0	FUN_101076f0	100
client-main	101080d0	FUN_101080d0	30
client-main	101080f0	FUN_101080f0	79
client-main	10108140	FUN_10108140	103
client-main	10108650	FUN_10108650	51
client-main	10108690	FUN_10108690	30
client-main	101086b0	FUN_101086b0	129
client-main	10108740	FUN_10108740	1995
client-main	10108f10	FUN_10108f10	48
client-main	10108f40	FUN_10108f40	67
client-main	10108f90	FUN_10108f90	28
client-main	10108fb0	FUN_10108fb0	130
client-main	10109040	FUN_10109040	68
client-main	10109090	FUN_10109090	62
client-main	101090d0	FUN_101090d0	30
client-main	101090f0	FUN_101090f0	115
client-main	10109170	FUN_10109170	30
client-main	10109190	FUN_10109190	11
client-main	101091a0	FUN_101091a0	85
client-main	10109200	FUN_10109200	87
client-main	10109260	FUN_10109260	30
client-main	10109280	FUN_10109280	11
client-main	10109290	FUN_10109290	133
client-main	10109320	FUN_10109320	152
client-main	101093c0	FUN_101093c0	294
client-main	101094f0	FUN_101094f0	25
client-main	101097a0	FUN_101097a0	111
client-main	10109810	FUN_10109810	30
client-main	10109830	FUN_10109830	11
client-main	10109840	FUN_10109840	154
client-main	101098e0	FUN_101098e0	77
client-main	10109930	FUN_10109930	30
client-main	10109950	FUN_10109950	11
client-main	10109ad0	FUN_10109ad0	65
client-main	10109b20	FUN_10109b20	30
client-main	10109b40	FUN_10109b40	11
client-main	10109bd0	FUN_10109bd0	35
client-main	10109c00	FUN_10109c00	42
client-main	10109ca0	FUN_10109ca0	20
client-main	10109cc0	FUN_10109cc0	30
client-main	10109ce0	FUN_10109ce0	11
client-main	10109cf0	FUN_10109cf0	5043
client-main	1010b0b0	FUN_1010b0b0	4571
client-main	1010c290	FUN_1010c290	20
client-main	1010c2b0	FUN_1010c2b0	30
client-main	1010c2d0	FUN_1010c2d0	11
client-main	1010c2e0	FUN_1010c2e0	12458
client-main	1010f390	FUN_1010f390	11783
client-main	101121a0	FUN_101121a0	20
client-main	101121c0	FUN_101121c0	30
client-main	101121e0	FUN_101121e0	11
client-main	101121f0	FUN_101121f0	12797
client-main	101153f0	FUN_101153f0	12030
client-main	101182f0	FUN_101182f0	32
client-main	10118310	FUN_10118310	30
client-main	10118330	FUN_10118330	41
client-main	10118360	FUN_10118360	6812
client-main	10119e00	FUN_10119e00	4819
client-main	1011b0e0	FUN_1011b0e0	32
client-main	1011b100	FUN_1011b100	30
client-main	1011b120	FUN_1011b120	41
client-main	1011b150	FUN_1011b150	16916
client-main	1011f370	FUN_1011f370	11831
client-main	101221b0	FUN_101221b0	32
client-main	101221d0	FUN_101221d0	30
client-main	101221f0	FUN_101221f0	41
client-main	10122220	FUN_10122220	17222
client-main	10126570	FUN_10126570	12039
client-main	10129480	FUN_10129480	32
client-main	101294a0	FUN_101294a0	30
client-main	101294c0	FUN_101294c0	41
client-main	101294f0	FUN_101294f0	15799
client-main	1012d2b0	FUN_1012d2b0	7686
client-main	1012f0c0	FUN_1012f0c0	32
client-main	1012f0e0	FUN_1012f0e0	30
client-main	1012f100	FUN_1012f100	41
client-main	1012f130	FUN_1012f130	36184
client-main	10137e90	FUN_10137e90	14750
client-main	1013b830	FUN_1013b830	32
client-main	1013b850	FUN_1013b850	30
client-main	1013b870	FUN_1013b870	41
client-main	1013b8a0	FUN_1013b8a0	36709
client-main	10144810	FUN_10144810	14687
client-main	10148170	FUN_10148170	32
client-main	10148190	FUN_10148190	30
client-main	101481b0	FUN_101481b0	41
client-main	101481e0	FUN_101481e0	15988
client-main	1014c060	FUN_1014c060	7773
client-main	1014dec0	FUN_1014dec0	32
client-main	1014dee0	FUN_1014dee0	30
client-main	1014df00	FUN_1014df00	41
client-main	1014df30	FUN_1014df30	36606
client-main	10156e30	FUN_10156e30	14839
client-main	1015a830	FUN_1015a830	32
client-main	1015a850	FUN_1015a850	30
client-main	1015a870	FUN_1015a870	41
client-main	1015a8a0	FUN_1015a8a0	37130
client-main	101639b0	FUN_101639b0	14769
client-main	10167370	FUN_10167370	22
client-main	10167390	FUN_10167390	30
client-main	101673b0	FUN_101673b0	11
client-main	101673c0	FUN_101673c0	3
client-main	101673d0	FUN_101673d0	6
client-main	101673e0	FUN_101673e0	71
client-main	10167430	FUN_10167430	30
client-main	10167450	FUN_10167450	197
client-main	10167700	FUN_10167700	100
client-main	10167770	FUN_10167770	29
client-main	10167820	FUN_10167820	519
client-main	10167bf0	FUN_10167bf0	293
client-main	10167d20	FUN_10167d20	83
client-main	10167db0	FUN_10167db0	20
client-main	10167dd0	FUN_10167dd0	11
client-main	10167eb0	FUN_10167eb0	11
client-main	10167ec0	FUN_10167ec0	718
client-main	10168190	FUN_10168190	3652
client-main	101690e0	FUN_101690e0	721
client-main	101693c0	FUN_101693c0	3652
client-main	1016a210	FUN_1016a210	704
client-main	1016a4e0	FUN_1016a4e0	2110
client-main	1016ad30	FUN_1016ad30	85
client-main	1016ae90	FUN_1016ae90	784
client-main	1016b1a0	FUN_1016b1a0	2625
client-main	1016bc00	FUN_1016bc00	11
client-main	1016bc10	FUN_1016bc10	56
client-main	1016bd70	FUN_1016bd70	128
client-main	1016beb0	FUN_1016beb0	160
client-main	1016bf50	FUN_1016bf50	538
client-main	1016c170	FUN_1016c170	71
client-main	1016c1d0	FUN_1016c1d0	248
client-main	1016c2d0	FUN_1016c2d0	476
client-main	1016c4b0	FUN_1016c4b0	74
client-main	1016c500	FUN_1016c500	76
client-main	1016c550	FUN_1016c550	30
client-main	1016c570	FUN_1016c570	11
client-main	1016c6e0	FUN_1016c6e0	125
client-main	1016c784	FUN_1016c784	11
client-main	1016c7a0	FUN_1016c7a0	6
client-main	1016c7a6	FUN_1016c7a6	6
client-main	1016c7ac	FUN_1016c7ac	6
client-main	1016c7b2	FUN_1016c7b2	6
client-main	1016c7c0	FUN_1016c7c0	47
client-main	1016c7f0	__onexit	63
client-main	1016c830	_atexit	24
client-main	1016c940	FUN_1016c940	117
client-main	1016c9b5	FUN_1016c9b5	28
client-main	1016c9d1	FUN_1016c9d1	19
client-main	1016c9f0	FUN_1016c9f0	128
client-main	1016ca70	ArrayUnwindFilter	44
client-main	1016caa0	`eh_vector_constructor_iterator'	113
client-main	1016cb11	FUN_1016cb11	28
client-main	1016cb2d	FUN_1016cb2d	19
client-main	1016cb40	FUN_1016cb40	263
client-main	1016cc50	FUN_1016cc50	243
client-main	1016cd44	FUN_1016cd44	6
client-main	1016cd4a	FUN_1016cd4a	6
client-main	1016cd50	FUN_1016cd50	6
client-main	1016cd56	FUN_1016cd56	6
client-main	1016cd62	FUN_1016cd62	6
client-main	1016cd68	FUN_1016cd68	6
client-main	1016cd6e	FUN_1016cd6e	6
client-main	1016cd74	FUN_1016cd74	6
client-main	101e2b70	entry	678
